device: cuda
counts ok; image 304x304
[train] raw / unet

==================================================
FOLD 1/5
==================================================
Epoch 1/100 | train_loss: 0.6756 | val_loss: 0.7043 | val_dice: 0.0000
New best! Saved (val_dice: 0.0000)
Epoch 2/100 | train_loss: 0.5817 | val_loss: 0.6840 | val_dice: 0.2152
New best! Saved (val_dice: 0.2152)
Epoch 3/100 | train_loss: 0.5398 | val_loss: 0.6462 | val_dice: 0.3887
New best! Saved (val_dice: 0.3887)
Epoch 4/100 | train_loss: 0.5164 | val_loss: 0.5944 | val_dice: 0.5184
New best! Saved (val_dice: 0.5184)
Epoch 5/100 | train_loss: 0.4980 | val_loss: 0.5360 | val_dice: 0.5746
New best! Saved (val_dice: 0.5746)
Epoch 6/100 | train_loss: 0.4924 | val_loss: 0.4800 | val_dice: 0.6547
New best! Saved (val_dice: 0.6547)
Epoch 7/100 | train_loss: 0.4732 | val_loss: 0.4584 | val_dice: 0.7041
New best! Saved (val_dice: 0.7041)
Epoch 8/100 | train_loss: 0.4638 | val_loss: 0.4460 | val_dice: 0.7339
New best! Saved (val_dice: 0.7339)
Epoch 9/100 | train_loss: 0.4547 | val_loss: 0.4383 | val_dice: 0.7411
New best! Saved (val_dice: 0.7411)
Epoch 10/100 | train_loss: 0.4495 | val_loss: 0.4400 | val_dice: 0.7381
Epoch 11/100 | train_loss: 0.4450 | val_loss: 0.4271 | val_dice: 0.7570
New best! Saved (val_dice: 0.7570)
Epoch 12/100 | train_loss: 0.4408 | val_loss: 0.4321 | val_dice: 0.7466
Epoch 13/100 | train_loss: 0.4323 | val_loss: 0.4413 | val_dice: 0.7295
Epoch 14/100 | train_loss: 0.4300 | val_loss: 0.4193 | val_dice: 0.7631
New best! Saved (val_dice: 0.7631)
Epoch 15/100 | train_loss: 0.4251 | val_loss: 0.4161 | val_dice: 0.7668
New best! Saved (val_dice: 0.7668)
Epoch 16/100 | train_loss: 0.4206 | val_loss: 0.4155 | val_dice: 0.7692
New best! Saved (val_dice: 0.7692)
Epoch 17/100 | train_loss: 0.4193 | val_loss: 0.4162 | val_dice: 0.7640
Epoch 18/100 | train_loss: 0.4129 | val_loss: 0.4087 | val_dice: 0.7696
New best! Saved (val_dice: 0.7696)
Epoch 19/100 | train_loss: 0.4118 | val_loss: 0.4045 | val_dice: 0.7788
New best! Saved (val_dice: 0.7788)
Epoch 20/100 | train_loss: 0.4103 | val_loss: 0.4050 | val_dice: 0.7770
Epoch 21/100 | train_loss: 0.4065 | val_loss: 0.4015 | val_dice: 0.7728
Epoch 22/100 | train_loss: 0.4029 | val_loss: 0.4031 | val_dice: 0.7669
Epoch 23/100 | train_loss: 0.4006 | val_loss: 0.3949 | val_dice: 0.7750
Epoch 24/100 | train_loss: 0.3967 | val_loss: 0.3921 | val_dice: 0.7775
Epoch 25/100 | train_loss: 0.3946 | val_loss: 0.3838 | val_dice: 0.7833
New best! Saved (val_dice: 0.7833)
Epoch 26/100 | train_loss: 0.3896 | val_loss: 0.3838 | val_dice: 0.7823
Epoch 27/100 | train_loss: 0.3903 | val_loss: 0.3870 | val_dice: 0.7756
Epoch 28/100 | train_loss: 0.3855 | val_loss: 0.3890 | val_dice: 0.7779
Epoch 29/100 | train_loss: 0.3856 | val_loss: 0.3943 | val_dice: 0.7668
Epoch 30/100 | train_loss: 0.3794 | val_loss: 0.3830 | val_dice: 0.7846
New best! Saved (val_dice: 0.7846)
Epoch 31/100 | train_loss: 0.3770 | val_loss: 0.3823 | val_dice: 0.7783
Epoch 32/100 | train_loss: 0.3731 | val_loss: 0.3768 | val_dice: 0.7858
New best! Saved (val_dice: 0.7858)
Epoch 33/100 | train_loss: 0.3699 | val_loss: 0.3694 | val_dice: 0.7868
New best! Saved (val_dice: 0.7868)
Epoch 34/100 | train_loss: 0.3688 | val_loss: 0.3699 | val_dice: 0.7866
Epoch 35/100 | train_loss: 0.3693 | val_loss: 0.3668 | val_dice: 0.7817
Epoch 36/100 | train_loss: 0.3645 | val_loss: 0.3694 | val_dice: 0.7801
Epoch 37/100 | train_loss: 0.3619 | val_loss: 0.3695 | val_dice: 0.7772
Epoch 38/100 | train_loss: 0.3587 | val_loss: 0.3693 | val_dice: 0.7821
Epoch 39/100 | train_loss: 0.3545 | val_loss: 0.3672 | val_dice: 0.7844
Epoch 40/100 | train_loss: 0.3550 | val_loss: 0.3566 | val_dice: 0.7889
New best! Saved (val_dice: 0.7889)
Epoch 41/100 | train_loss: 0.3494 | val_loss: 0.3687 | val_dice: 0.7785
Epoch 42/100 | train_loss: 0.3468 | val_loss: 0.3637 | val_dice: 0.7820
Epoch 43/100 | train_loss: 0.3461 | val_loss: 0.3581 | val_dice: 0.7849
Epoch 44/100 | train_loss: 0.3464 | val_loss: 0.3570 | val_dice: 0.7817
Epoch 45/100 | train_loss: 0.3397 | val_loss: 0.3640 | val_dice: 0.7795
Epoch 46/100 | train_loss: 0.3383 | val_loss: 0.3683 | val_dice: 0.7779
Epoch 47/100 | train_loss: 0.3396 | val_loss: 0.3581 | val_dice: 0.7870
Epoch 48/100 | train_loss: 0.3346 | val_loss: 0.3427 | val_dice: 0.7893
New best! Saved (val_dice: 0.7893)
Epoch 49/100 | train_loss: 0.3311 | val_loss: 0.3446 | val_dice: 0.7909
New best! Saved (val_dice: 0.7909)
Epoch 50/100 | train_loss: 0.3277 | val_loss: 0.3480 | val_dice: 0.7903
Epoch 51/100 | train_loss: 0.3280 | val_loss: 0.3467 | val_dice: 0.7890
Epoch 52/100 | train_loss: 0.3264 | val_loss: 0.3433 | val_dice: 0.7893
Epoch 53/100 | train_loss: 0.3232 | val_loss: 0.3417 | val_dice: 0.7856
Epoch 54/100 | train_loss: 0.3178 | val_loss: 0.3412 | val_dice: 0.7887
Epoch 55/100 | train_loss: 0.3154 | val_loss: 0.3433 | val_dice: 0.7854
Epoch 56/100 | train_loss: 0.3136 | val_loss: 0.3352 | val_dice: 0.7882
Epoch 57/100 | train_loss: 0.3104 | val_loss: 0.3441 | val_dice: 0.7796
Epoch 58/100 | train_loss: 0.3115 | val_loss: 0.3488 | val_dice: 0.7778
Epoch 59/100 | train_loss: 0.3055 | val_loss: 0.3317 | val_dice: 0.7868
Early stopping at epoch 59
Saved training curve to /users/egottfri/code/octa-segmentation/results/rose1_ablation/raw/unet/training_curve_fold1.png
Fold 1 best Dice: 0.7909

==================================================
FOLD 2/5
==================================================
Epoch 1/100 | train_loss: 0.6504 | val_loss: 0.7078 | val_dice: 0.3371
New best! Saved (val_dice: 0.3371)
Epoch 2/100 | train_loss: 0.5455 | val_loss: 0.6764 | val_dice: 0.3440
New best! Saved (val_dice: 0.3440)
Epoch 3/100 | train_loss: 0.5056 | val_loss: 0.6252 | val_dice: 0.2644
Epoch 4/100 | train_loss: 0.4863 | val_loss: 0.5741 | val_dice: 0.3336
Epoch 5/100 | train_loss: 0.4704 | val_loss: 0.5273 | val_dice: 0.4830
New best! Saved (val_dice: 0.4830)
Epoch 6/100 | train_loss: 0.4556 | val_loss: 0.4798 | val_dice: 0.5812
New best! Saved (val_dice: 0.5812)
Epoch 7/100 | train_loss: 0.4468 | val_loss: 0.4337 | val_dice: 0.6796
New best! Saved (val_dice: 0.6796)
Epoch 8/100 | train_loss: 0.4328 | val_loss: 0.4201 | val_dice: 0.7107
New best! Saved (val_dice: 0.7107)
Epoch 9/100 | train_loss: 0.4235 | val_loss: 0.4181 | val_dice: 0.7348
New best! Saved (val_dice: 0.7348)
Epoch 10/100 | train_loss: 0.4164 | val_loss: 0.4156 | val_dice: 0.7331
Epoch 11/100 | train_loss: 0.4074 | val_loss: 0.4090 | val_dice: 0.7404
New best! Saved (val_dice: 0.7404)
Epoch 12/100 | train_loss: 0.4027 | val_loss: 0.4079 | val_dice: 0.7343
Epoch 13/100 | train_loss: 0.3990 | val_loss: 0.3972 | val_dice: 0.7410
New best! Saved (val_dice: 0.7410)
Epoch 14/100 | train_loss: 0.3918 | val_loss: 0.3896 | val_dice: 0.7482
New best! Saved (val_dice: 0.7482)
Epoch 15/100 | train_loss: 0.3867 | val_loss: 0.3861 | val_dice: 0.7522
New best! Saved (val_dice: 0.7522)
Epoch 16/100 | train_loss: 0.3868 | val_loss: 0.3952 | val_dice: 0.7354
Epoch 17/100 | train_loss: 0.3825 | val_loss: 0.3682 | val_dice: 0.7609
New best! Saved (val_dice: 0.7609)
Epoch 18/100 | train_loss: 0.3759 | val_loss: 0.3704 | val_dice: 0.7617
New best! Saved (val_dice: 0.7617)
Epoch 19/100 | train_loss: 0.3743 | val_loss: 0.3730 | val_dice: 0.7560
Epoch 20/100 | train_loss: 0.3693 | val_loss: 0.3847 | val_dice: 0.7483
Epoch 21/100 | train_loss: 0.3644 | val_loss: 0.3683 | val_dice: 0.7637
New best! Saved (val_dice: 0.7637)
Epoch 22/100 | train_loss: 0.3614 | val_loss: 0.3643 | val_dice: 0.7674
New best! Saved (val_dice: 0.7674)
Epoch 23/100 | train_loss: 0.3573 | val_loss: 0.3599 | val_dice: 0.7685
New best! Saved (val_dice: 0.7685)
Epoch 24/100 | train_loss: 0.3562 | val_loss: 0.3584 | val_dice: 0.7699
New best! Saved (val_dice: 0.7699)
Epoch 25/100 | train_loss: 0.3548 | val_loss: 0.3541 | val_dice: 0.7674
Epoch 26/100 | train_loss: 0.3480 | val_loss: 0.3508 | val_dice: 0.7720
New best! Saved (val_dice: 0.7720)
Epoch 27/100 | train_loss: 0.3461 | val_loss: 0.3567 | val_dice: 0.7671
Epoch 28/100 | train_loss: 0.3440 | val_loss: 0.3618 | val_dice: 0.7636
Epoch 29/100 | train_loss: 0.3438 | val_loss: 0.3441 | val_dice: 0.7747
New best! Saved (val_dice: 0.7747)
Epoch 30/100 | train_loss: 0.3398 | val_loss: 0.3463 | val_dice: 0.7675
Epoch 31/100 | train_loss: 0.3360 | val_loss: 0.3510 | val_dice: 0.7597
Epoch 32/100 | train_loss: 0.3355 | val_loss: 0.3477 | val_dice: 0.7697
Epoch 33/100 | train_loss: 0.3318 | val_loss: 0.3430 | val_dice: 0.7688
Epoch 34/100 | train_loss: 0.3294 | val_loss: 0.3487 | val_dice: 0.7681
Epoch 35/100 | train_loss: 0.3260 | val_loss: 0.3573 | val_dice: 0.7595
Epoch 36/100 | train_loss: 0.3243 | val_loss: 0.3455 | val_dice: 0.7685
Epoch 37/100 | train_loss: 0.3197 | val_loss: 0.3332 | val_dice: 0.7756
New best! Saved (val_dice: 0.7756)
Epoch 38/100 | train_loss: 0.3169 | val_loss: 0.3324 | val_dice: 0.7769
New best! Saved (val_dice: 0.7769)
Epoch 39/100 | train_loss: 0.3145 | val_loss: 0.3387 | val_dice: 0.7705
Epoch 40/100 | train_loss: 0.3146 | val_loss: 0.3380 | val_dice: 0.7709
Epoch 41/100 | train_loss: 0.3110 | val_loss: 0.3320 | val_dice: 0.7742
Epoch 42/100 | train_loss: 0.3118 | val_loss: 0.3306 | val_dice: 0.7695
Epoch 43/100 | train_loss: 0.3070 | val_loss: 0.3212 | val_dice: 0.7739
Epoch 44/100 | train_loss: 0.3066 | val_loss: 0.3257 | val_dice: 0.7753
Epoch 45/100 | train_loss: 0.3059 | val_loss: 0.3434 | val_dice: 0.7591
Epoch 46/100 | train_loss: 0.2975 | val_loss: 0.3289 | val_dice: 0.7756
Epoch 47/100 | train_loss: 0.2949 | val_loss: 0.3242 | val_dice: 0.7768
Epoch 48/100 | train_loss: 0.2927 | val_loss: 0.3200 | val_dice: 0.7791
New best! Saved (val_dice: 0.7791)
Epoch 49/100 | train_loss: 0.2905 | val_loss: 0.3239 | val_dice: 0.7769
Epoch 50/100 | train_loss: 0.2885 | val_loss: 0.3177 | val_dice: 0.7787
Epoch 51/100 | train_loss: 0.2851 | val_loss: 0.3168 | val_dice: 0.7786
Epoch 52/100 | train_loss: 0.2853 | val_loss: 0.3206 | val_dice: 0.7750
Epoch 53/100 | train_loss: 0.2824 | val_loss: 0.3158 | val_dice: 0.7770
Epoch 54/100 | train_loss: 0.2844 | val_loss: 0.3256 | val_dice: 0.7715
Epoch 55/100 | train_loss: 0.2774 | val_loss: 0.3107 | val_dice: 0.7741
Epoch 56/100 | train_loss: 0.2751 | val_loss: 0.3093 | val_dice: 0.7780
Epoch 57/100 | train_loss: 0.2774 | val_loss: 0.3183 | val_dice: 0.7715
Epoch 58/100 | train_loss: 0.2729 | val_loss: 0.3223 | val_dice: 0.7695
Early stopping at epoch 58
Saved training curve to /users/egottfri/code/octa-segmentation/results/rose1_ablation/raw/unet/training_curve_fold2.png
Fold 2 best Dice: 0.7791

==================================================
FOLD 3/5
==================================================
Epoch 1/100 | train_loss: 0.5905 | val_loss: 0.6867 | val_dice: 0.0000
New best! Saved (val_dice: 0.0000)
Epoch 2/100 | train_loss: 0.5032 | val_loss: 0.6678 | val_dice: 0.0000
Epoch 3/100 | train_loss: 0.4723 | val_loss: 0.6173 | val_dice: 0.0242
New best! Saved (val_dice: 0.0242)
Epoch 4/100 | train_loss: 0.4493 | val_loss: 0.5668 | val_dice: 0.1840
New best! Saved (val_dice: 0.1840)
Epoch 5/100 | train_loss: 0.4316 | val_loss: 0.5110 | val_dice: 0.4688
New best! Saved (val_dice: 0.4688)
Epoch 6/100 | train_loss: 0.4215 | val_loss: 0.4640 | val_dice: 0.5263
New best! Saved (val_dice: 0.5263)
Epoch 7/100 | train_loss: 0.4108 | val_loss: 0.4025 | val_dice: 0.6965
New best! Saved (val_dice: 0.6965)
Epoch 8/100 | train_loss: 0.4021 | val_loss: 0.3826 | val_dice: 0.7488
New best! Saved (val_dice: 0.7488)
Epoch 9/100 | train_loss: 0.3959 | val_loss: 0.3794 | val_dice: 0.7470
Epoch 10/100 | train_loss: 0.3900 | val_loss: 0.3738 | val_dice: 0.7669
New best! Saved (val_dice: 0.7669)
Epoch 11/100 | train_loss: 0.3839 | val_loss: 0.3708 | val_dice: 0.7724
New best! Saved (val_dice: 0.7724)
Epoch 12/100 | train_loss: 0.3780 | val_loss: 0.3616 | val_dice: 0.7687
Epoch 13/100 | train_loss: 0.3731 | val_loss: 0.3567 | val_dice: 0.7789
New best! Saved (val_dice: 0.7789)
Epoch 14/100 | train_loss: 0.3692 | val_loss: 0.3801 | val_dice: 0.7605
Epoch 15/100 | train_loss: 0.3662 | val_loss: 0.3517 | val_dice: 0.7774
Epoch 16/100 | train_loss: 0.3616 | val_loss: 0.3512 | val_dice: 0.7841
New best! Saved (val_dice: 0.7841)
Epoch 17/100 | train_loss: 0.3584 | val_loss: 0.3490 | val_dice: 0.7811
Epoch 18/100 | train_loss: 0.3572 | val_loss: 0.3403 | val_dice: 0.7855
New best! Saved (val_dice: 0.7855)
Epoch 19/100 | train_loss: 0.3516 | val_loss: 0.3355 | val_dice: 0.7881
New best! Saved (val_dice: 0.7881)
Epoch 20/100 | train_loss: 0.3478 | val_loss: 0.3366 | val_dice: 0.7908
New best! Saved (val_dice: 0.7908)
Epoch 21/100 | train_loss: 0.3439 | val_loss: 0.3376 | val_dice: 0.7876
Epoch 22/100 | train_loss: 0.3409 | val_loss: 0.3288 | val_dice: 0.7924
New best! Saved (val_dice: 0.7924)
Epoch 23/100 | train_loss: 0.3410 | val_loss: 0.3300 | val_dice: 0.7913
Epoch 24/100 | train_loss: 0.3371 | val_loss: 0.3269 | val_dice: 0.7886
Epoch 25/100 | train_loss: 0.3351 | val_loss: 0.3201 | val_dice: 0.7882
Epoch 26/100 | train_loss: 0.3331 | val_loss: 0.3181 | val_dice: 0.7947
New best! Saved (val_dice: 0.7947)
Epoch 27/100 | train_loss: 0.3270 | val_loss: 0.3221 | val_dice: 0.7905
Epoch 28/100 | train_loss: 0.3264 | val_loss: 0.3173 | val_dice: 0.7925
Epoch 29/100 | train_loss: 0.3197 | val_loss: 0.3258 | val_dice: 0.7867
Epoch 30/100 | train_loss: 0.3214 | val_loss: 0.3241 | val_dice: 0.7906
Epoch 31/100 | train_loss: 0.3181 | val_loss: 0.3151 | val_dice: 0.7938
Epoch 32/100 | train_loss: 0.3215 | val_loss: 0.3257 | val_dice: 0.7892
Epoch 33/100 | train_loss: 0.3148 | val_loss: 0.3087 | val_dice: 0.7951
New best! Saved (val_dice: 0.7951)
Epoch 34/100 | train_loss: 0.3097 | val_loss: 0.3167 | val_dice: 0.7886
Epoch 35/100 | train_loss: 0.3088 | val_loss: 0.3126 | val_dice: 0.7934
Epoch 36/100 | train_loss: 0.3038 | val_loss: 0.3119 | val_dice: 0.7835
Epoch 37/100 | train_loss: 0.3013 | val_loss: 0.3076 | val_dice: 0.7970
New best! Saved (val_dice: 0.7970)
Epoch 38/100 | train_loss: 0.3004 | val_loss: 0.3042 | val_dice: 0.7958
Epoch 39/100 | train_loss: 0.2986 | val_loss: 0.3060 | val_dice: 0.7943
Epoch 40/100 | train_loss: 0.2954 | val_loss: 0.3055 | val_dice: 0.7966
Epoch 41/100 | train_loss: 0.2939 | val_loss: 0.3045 | val_dice: 0.7941
Epoch 42/100 | train_loss: 0.2891 | val_loss: 0.2978 | val_dice: 0.7936
Epoch 43/100 | train_loss: 0.2920 | val_loss: 0.3013 | val_dice: 0.7918
Epoch 44/100 | train_loss: 0.2827 | val_loss: 0.3009 | val_dice: 0.7941
Epoch 45/100 | train_loss: 0.2853 | val_loss: 0.2976 | val_dice: 0.7919
Epoch 46/100 | train_loss: 0.2828 | val_loss: 0.2960 | val_dice: 0.7950
Epoch 47/100 | train_loss: 0.2809 | val_loss: 0.2970 | val_dice: 0.7947
Early stopping at epoch 47
Saved training curve to /users/egottfri/code/octa-segmentation/results/rose1_ablation/raw/unet/training_curve_fold3.png
Fold 3 best Dice: 0.7970

==================================================
FOLD 4/5
==================================================
Epoch 1/100 | train_loss: 0.6517 | val_loss: 0.7071 | val_dice: 0.3700
New best! Saved (val_dice: 0.3700)
Epoch 2/100 | train_loss: 0.5581 | val_loss: 0.6716 | val_dice: 0.4599
New best! Saved (val_dice: 0.4599)
Epoch 3/100 | train_loss: 0.5205 | val_loss: 0.6227 | val_dice: 0.5101
New best! Saved (val_dice: 0.5101)
Epoch 4/100 | train_loss: 0.5007 | val_loss: 0.5685 | val_dice: 0.5947
New best! Saved (val_dice: 0.5947)
Epoch 5/100 | train_loss: 0.4846 | val_loss: 0.5132 | val_dice: 0.6036
New best! Saved (val_dice: 0.6036)
Epoch 6/100 | train_loss: 0.4674 | val_loss: 0.4737 | val_dice: 0.6498
New best! Saved (val_dice: 0.6498)
Epoch 7/100 | train_loss: 0.4576 | val_loss: 0.4505 | val_dice: 0.7066
New best! Saved (val_dice: 0.7066)
Epoch 8/100 | train_loss: 0.4492 | val_loss: 0.4317 | val_dice: 0.7228
New best! Saved (val_dice: 0.7228)
Epoch 9/100 | train_loss: 0.4414 | val_loss: 0.4337 | val_dice: 0.7309
New best! Saved (val_dice: 0.7309)
Epoch 10/100 | train_loss: 0.4327 | val_loss: 0.4288 | val_dice: 0.7393
New best! Saved (val_dice: 0.7393)
Epoch 11/100 | train_loss: 0.4260 | val_loss: 0.4315 | val_dice: 0.7370
Epoch 12/100 | train_loss: 0.4206 | val_loss: 0.4336 | val_dice: 0.7308
Epoch 13/100 | train_loss: 0.4152 | val_loss: 0.4158 | val_dice: 0.7476
New best! Saved (val_dice: 0.7476)
Epoch 14/100 | train_loss: 0.4082 | val_loss: 0.4147 | val_dice: 0.7493
New best! Saved (val_dice: 0.7493)
Epoch 15/100 | train_loss: 0.4065 | val_loss: 0.4051 | val_dice: 0.7583
New best! Saved (val_dice: 0.7583)
Epoch 16/100 | train_loss: 0.4046 | val_loss: 0.4064 | val_dice: 0.7563
Epoch 17/100 | train_loss: 0.3964 | val_loss: 0.4156 | val_dice: 0.7353
Epoch 18/100 | train_loss: 0.3952 | val_loss: 0.4030 | val_dice: 0.7516
Epoch 19/100 | train_loss: 0.3897 | val_loss: 0.3938 | val_dice: 0.7620
New best! Saved (val_dice: 0.7620)
Epoch 20/100 | train_loss: 0.3875 | val_loss: 0.3873 | val_dice: 0.7668
New best! Saved (val_dice: 0.7668)
Epoch 21/100 | train_loss: 0.3836 | val_loss: 0.3957 | val_dice: 0.7576
Epoch 22/100 | train_loss: 0.3812 | val_loss: 0.3806 | val_dice: 0.7654
Epoch 23/100 | train_loss: 0.3796 | val_loss: 0.3825 | val_dice: 0.7668
New best! Saved (val_dice: 0.7668)
Epoch 24/100 | train_loss: 0.3747 | val_loss: 0.3876 | val_dice: 0.7594
Epoch 25/100 | train_loss: 0.3732 | val_loss: 0.3893 | val_dice: 0.7599
Epoch 26/100 | train_loss: 0.3680 | val_loss: 0.3743 | val_dice: 0.7723
New best! Saved (val_dice: 0.7723)
Epoch 27/100 | train_loss: 0.3698 | val_loss: 0.3745 | val_dice: 0.7700
Epoch 28/100 | train_loss: 0.3647 | val_loss: 0.3705 | val_dice: 0.7708
Epoch 29/100 | train_loss: 0.3615 | val_loss: 0.3736 | val_dice: 0.7675
Epoch 30/100 | train_loss: 0.3589 | val_loss: 0.3718 | val_dice: 0.7711
Epoch 31/100 | train_loss: 0.3555 | val_loss: 0.3692 | val_dice: 0.7692
Epoch 32/100 | train_loss: 0.3521 | val_loss: 0.3646 | val_dice: 0.7747
New best! Saved (val_dice: 0.7747)
Epoch 33/100 | train_loss: 0.3471 | val_loss: 0.3673 | val_dice: 0.7705
Epoch 34/100 | train_loss: 0.3440 | val_loss: 0.3631 | val_dice: 0.7750
New best! Saved (val_dice: 0.7750)
Epoch 35/100 | train_loss: 0.3463 | val_loss: 0.3665 | val_dice: 0.7656
Epoch 36/100 | train_loss: 0.3418 | val_loss: 0.3516 | val_dice: 0.7752
New best! Saved (val_dice: 0.7752)
Epoch 37/100 | train_loss: 0.3374 | val_loss: 0.3591 | val_dice: 0.7700
Epoch 38/100 | train_loss: 0.3367 | val_loss: 0.3579 | val_dice: 0.7698
Epoch 39/100 | train_loss: 0.3377 | val_loss: 0.3528 | val_dice: 0.7740
Epoch 40/100 | train_loss: 0.3315 | val_loss: 0.3588 | val_dice: 0.7669
Epoch 41/100 | train_loss: 0.3306 | val_loss: 0.3479 | val_dice: 0.7743
Epoch 42/100 | train_loss: 0.3292 | val_loss: 0.3456 | val_dice: 0.7701
Epoch 43/100 | train_loss: 0.3249 | val_loss: 0.3528 | val_dice: 0.7712
Epoch 44/100 | train_loss: 0.3236 | val_loss: 0.3577 | val_dice: 0.7661
Epoch 45/100 | train_loss: 0.3221 | val_loss: 0.3457 | val_dice: 0.7718
Epoch 46/100 | train_loss: 0.3159 | val_loss: 0.3463 | val_dice: 0.7713
Early stopping at epoch 46
Saved training curve to /users/egottfri/code/octa-segmentation/results/rose1_ablation/raw/unet/training_curve_fold4.png
Fold 4 best Dice: 0.7752

==================================================
FOLD 5/5
==================================================
Epoch 1/100 | train_loss: 0.5972 | val_loss: 0.7113 | val_dice: 0.3272
New best! Saved (val_dice: 0.3272)
Epoch 2/100 | train_loss: 0.5143 | val_loss: 0.6776 | val_dice: 0.4714
New best! Saved (val_dice: 0.4714)
Epoch 3/100 | train_loss: 0.4772 | val_loss: 0.6169 | val_dice: 0.2802
Epoch 4/100 | train_loss: 0.4597 | val_loss: 0.5590 | val_dice: 0.4136
Epoch 5/100 | train_loss: 0.4472 | val_loss: 0.5112 | val_dice: 0.5290
New best! Saved (val_dice: 0.5290)
Epoch 6/100 | train_loss: 0.4339 | val_loss: 0.4602 | val_dice: 0.6657
New best! Saved (val_dice: 0.6657)
Epoch 7/100 | train_loss: 0.4205 | val_loss: 0.4351 | val_dice: 0.7024
New best! Saved (val_dice: 0.7024)
Epoch 8/100 | train_loss: 0.4122 | val_loss: 0.4087 | val_dice: 0.7237
New best! Saved (val_dice: 0.7237)
Epoch 9/100 | train_loss: 0.4056 | val_loss: 0.4179 | val_dice: 0.7313
New best! Saved (val_dice: 0.7313)
Epoch 10/100 | train_loss: 0.3983 | val_loss: 0.3975 | val_dice: 0.7477
New best! Saved (val_dice: 0.7477)
Epoch 11/100 | train_loss: 0.3907 | val_loss: 0.3965 | val_dice: 0.7462
Epoch 12/100 | train_loss: 0.3843 | val_loss: 0.3835 | val_dice: 0.7598
New best! Saved (val_dice: 0.7598)
Epoch 13/100 | train_loss: 0.3785 | val_loss: 0.3882 | val_dice: 0.7479
Epoch 14/100 | train_loss: 0.3739 | val_loss: 0.3693 | val_dice: 0.7644
New best! Saved (val_dice: 0.7644)
Epoch 15/100 | train_loss: 0.3708 | val_loss: 0.3703 | val_dice: 0.7624
Epoch 16/100 | train_loss: 0.3658 | val_loss: 0.3655 | val_dice: 0.7597
Epoch 17/100 | train_loss: 0.3631 | val_loss: 0.3567 | val_dice: 0.7694
New best! Saved (val_dice: 0.7694)
Epoch 18/100 | train_loss: 0.3582 | val_loss: 0.3604 | val_dice: 0.7642
Epoch 19/100 | train_loss: 0.3529 | val_loss: 0.3436 | val_dice: 0.7741
New best! Saved (val_dice: 0.7741)
Epoch 20/100 | train_loss: 0.3516 | val_loss: 0.3561 | val_dice: 0.7663
Epoch 21/100 | train_loss: 0.3459 | val_loss: 0.3526 | val_dice: 0.7698
Epoch 22/100 | train_loss: 0.3498 | val_loss: 0.3425 | val_dice: 0.7763
New best! Saved (val_dice: 0.7763)
Epoch 23/100 | train_loss: 0.3405 | val_loss: 0.3396 | val_dice: 0.7754
Epoch 24/100 | train_loss: 0.3366 | val_loss: 0.3424 | val_dice: 0.7754
Epoch 25/100 | train_loss: 0.3358 | val_loss: 0.3341 | val_dice: 0.7772
New best! Saved (val_dice: 0.7772)
Epoch 26/100 | train_loss: 0.3287 | val_loss: 0.3321 | val_dice: 0.7770
Epoch 27/100 | train_loss: 0.3273 | val_loss: 0.3357 | val_dice: 0.7769
Epoch 28/100 | train_loss: 0.3235 | val_loss: 0.3299 | val_dice: 0.7808
New best! Saved (val_dice: 0.7808)
Epoch 29/100 | train_loss: 0.3198 | val_loss: 0.3308 | val_dice: 0.7770
Epoch 30/100 | train_loss: 0.3146 | val_loss: 0.3341 | val_dice: 0.7738
Epoch 31/100 | train_loss: 0.3153 | val_loss: 0.3286 | val_dice: 0.7766
Epoch 32/100 | train_loss: 0.3116 | val_loss: 0.3260 | val_dice: 0.7750
Epoch 33/100 | train_loss: 0.3072 | val_loss: 0.3234 | val_dice: 0.7790
Epoch 34/100 | train_loss: 0.3084 | val_loss: 0.3169 | val_dice: 0.7765
Epoch 35/100 | train_loss: 0.3071 | val_loss: 0.3180 | val_dice: 0.7803
Epoch 36/100 | train_loss: 0.3004 | val_loss: 0.3274 | val_dice: 0.7708
Epoch 37/100 | train_loss: 0.2971 | val_loss: 0.3311 | val_dice: 0.7706
Epoch 38/100 | train_loss: 0.2945 | val_loss: 0.3258 | val_dice: 0.7710
Early stopping at epoch 38
Saved training curve to /users/egottfri/code/octa-segmentation/results/rose1_ablation/raw/unet/training_curve_fold5.png
Fold 5 best Dice: 0.7808

==================================================
K-FOLD RESULTS: 0.7846 ± 0.0081
Individual folds: ['0.7909', '0.7791', '0.7970', '0.7752', '0.7808']
==================================================
[train] raw / attention_unet

==================================================
FOLD 1/5
==================================================
Epoch 1/100 | train_loss: 0.6446 | val_loss: 0.7106 | val_dice: 0.1893
New best! Saved (val_dice: 0.1893)
Epoch 2/100 | train_loss: 0.5625 | val_loss: 0.6939 | val_dice: 0.0000
Epoch 3/100 | train_loss: 0.5207 | val_loss: 0.6648 | val_dice: 0.0000
Epoch 4/100 | train_loss: 0.4975 | val_loss: 0.6320 | val_dice: 0.0038
Epoch 5/100 | train_loss: 0.4817 | val_loss: 0.5883 | val_dice: 0.2907
New best! Saved (val_dice: 0.2907)
Epoch 6/100 | train_loss: 0.4676 | val_loss: 0.5103 | val_dice: 0.5726
New best! Saved (val_dice: 0.5726)
Epoch 7/100 | train_loss: 0.4584 | val_loss: 0.4519 | val_dice: 0.7055
New best! Saved (val_dice: 0.7055)
Epoch 8/100 | train_loss: 0.4471 | val_loss: 0.4277 | val_dice: 0.7460
New best! Saved (val_dice: 0.7460)
Epoch 9/100 | train_loss: 0.4385 | val_loss: 0.4143 | val_dice: 0.7523
New best! Saved (val_dice: 0.7523)
Epoch 10/100 | train_loss: 0.4331 | val_loss: 0.4181 | val_dice: 0.7501
Epoch 11/100 | train_loss: 0.4248 | val_loss: 0.4195 | val_dice: 0.7512
Epoch 12/100 | train_loss: 0.4190 | val_loss: 0.4064 | val_dice: 0.7569
New best! Saved (val_dice: 0.7569)
Epoch 13/100 | train_loss: 0.4152 | val_loss: 0.4025 | val_dice: 0.7643
New best! Saved (val_dice: 0.7643)
Epoch 14/100 | train_loss: 0.4072 | val_loss: 0.4018 | val_dice: 0.7610
Epoch 15/100 | train_loss: 0.4060 | val_loss: 0.3930 | val_dice: 0.7719
New best! Saved (val_dice: 0.7719)
Epoch 16/100 | train_loss: 0.4018 | val_loss: 0.3918 | val_dice: 0.7706
Epoch 17/100 | train_loss: 0.3969 | val_loss: 0.3976 | val_dice: 0.7636
Epoch 18/100 | train_loss: 0.3934 | val_loss: 0.3875 | val_dice: 0.7738
New best! Saved (val_dice: 0.7738)
Epoch 19/100 | train_loss: 0.3882 | val_loss: 0.3902 | val_dice: 0.7667
Epoch 20/100 | train_loss: 0.3872 | val_loss: 0.3754 | val_dice: 0.7797
New best! Saved (val_dice: 0.7797)
Epoch 21/100 | train_loss: 0.3846 | val_loss: 0.3698 | val_dice: 0.7822
New best! Saved (val_dice: 0.7822)
Epoch 22/100 | train_loss: 0.3773 | val_loss: 0.3718 | val_dice: 0.7834
New best! Saved (val_dice: 0.7834)
Epoch 23/100 | train_loss: 0.3761 | val_loss: 0.3683 | val_dice: 0.7870
New best! Saved (val_dice: 0.7870)
Epoch 24/100 | train_loss: 0.3734 | val_loss: 0.3679 | val_dice: 0.7843
Epoch 25/100 | train_loss: 0.3695 | val_loss: 0.3689 | val_dice: 0.7832
Epoch 26/100 | train_loss: 0.3648 | val_loss: 0.3661 | val_dice: 0.7774
Epoch 27/100 | train_loss: 0.3668 | val_loss: 0.3592 | val_dice: 0.7852
Epoch 28/100 | train_loss: 0.3596 | val_loss: 0.3546 | val_dice: 0.7861
Epoch 29/100 | train_loss: 0.3584 | val_loss: 0.3632 | val_dice: 0.7838
Epoch 30/100 | train_loss: 0.3556 | val_loss: 0.3724 | val_dice: 0.7640
Epoch 31/100 | train_loss: 0.3532 | val_loss: 0.3671 | val_dice: 0.7677
Epoch 32/100 | train_loss: 0.3534 | val_loss: 0.3670 | val_dice: 0.7748
Epoch 33/100 | train_loss: 0.3482 | val_loss: 0.3466 | val_dice: 0.7847
Early stopping at epoch 33
Saved training curve to /users/egottfri/code/octa-segmentation/results/rose1_ablation/raw/attention_unet/training_curve_fold1.png
Fold 1 best Dice: 0.7870

==================================================
FOLD 2/5
==================================================
Epoch 1/100 | train_loss: 0.6591 | val_loss: 0.7016 | val_dice: 0.3902
New best! Saved (val_dice: 0.3902)
Epoch 2/100 | train_loss: 0.5598 | val_loss: 0.6784 | val_dice: 0.2187
Epoch 3/100 | train_loss: 0.5191 | val_loss: 0.6382 | val_dice: 0.3384
Epoch 4/100 | train_loss: 0.4924 | val_loss: 0.5902 | val_dice: 0.4369
New best! Saved (val_dice: 0.4369)
Epoch 5/100 | train_loss: 0.4796 | val_loss: 0.5355 | val_dice: 0.5443
New best! Saved (val_dice: 0.5443)
Epoch 6/100 | train_loss: 0.4625 | val_loss: 0.4784 | val_dice: 0.6480
New best! Saved (val_dice: 0.6480)
Epoch 7/100 | train_loss: 0.4507 | val_loss: 0.4461 | val_dice: 0.7047
New best! Saved (val_dice: 0.7047)
Epoch 8/100 | train_loss: 0.4461 | val_loss: 0.4309 | val_dice: 0.7157
New best! Saved (val_dice: 0.7157)
Epoch 9/100 | train_loss: 0.4325 | val_loss: 0.4214 | val_dice: 0.7265
New best! Saved (val_dice: 0.7265)
Epoch 10/100 | train_loss: 0.4236 | val_loss: 0.4177 | val_dice: 0.7294
New best! Saved (val_dice: 0.7294)
Epoch 11/100 | train_loss: 0.4174 | val_loss: 0.4156 | val_dice: 0.7349
New best! Saved (val_dice: 0.7349)
Epoch 12/100 | train_loss: 0.4124 | val_loss: 0.4302 | val_dice: 0.7143
Epoch 13/100 | train_loss: 0.4063 | val_loss: 0.4115 | val_dice: 0.7353
New best! Saved (val_dice: 0.7353)
Epoch 14/100 | train_loss: 0.4016 | val_loss: 0.4048 | val_dice: 0.7456
New best! Saved (val_dice: 0.7456)
Epoch 15/100 | train_loss: 0.3983 | val_loss: 0.3958 | val_dice: 0.7557
New best! Saved (val_dice: 0.7557)
Epoch 16/100 | train_loss: 0.3953 | val_loss: 0.3929 | val_dice: 0.7591
New best! Saved (val_dice: 0.7591)
Epoch 17/100 | train_loss: 0.3914 | val_loss: 0.4026 | val_dice: 0.7398
Epoch 18/100 | train_loss: 0.3856 | val_loss: 0.3895 | val_dice: 0.7602
New best! Saved (val_dice: 0.7602)
Epoch 19/100 | train_loss: 0.3841 | val_loss: 0.3910 | val_dice: 0.7595
Epoch 20/100 | train_loss: 0.3806 | val_loss: 0.3851 | val_dice: 0.7607
New best! Saved (val_dice: 0.7607)
Epoch 21/100 | train_loss: 0.3787 | val_loss: 0.4000 | val_dice: 0.7401
Epoch 22/100 | train_loss: 0.3752 | val_loss: 0.3872 | val_dice: 0.7559
Epoch 23/100 | train_loss: 0.3715 | val_loss: 0.3770 | val_dice: 0.7674
New best! Saved (val_dice: 0.7674)
Epoch 24/100 | train_loss: 0.3659 | val_loss: 0.3759 | val_dice: 0.7659
Epoch 25/100 | train_loss: 0.3632 | val_loss: 0.3707 | val_dice: 0.7695
New best! Saved (val_dice: 0.7695)
Epoch 26/100 | train_loss: 0.3604 | val_loss: 0.3667 | val_dice: 0.7750
New best! Saved (val_dice: 0.7750)
Epoch 27/100 | train_loss: 0.3553 | val_loss: 0.3655 | val_dice: 0.7734
Epoch 28/100 | train_loss: 0.3542 | val_loss: 0.3617 | val_dice: 0.7752
New best! Saved (val_dice: 0.7752)
Epoch 29/100 | train_loss: 0.3554 | val_loss: 0.3651 | val_dice: 0.7646
Epoch 30/100 | train_loss: 0.3525 | val_loss: 0.3718 | val_dice: 0.7587
Epoch 31/100 | train_loss: 0.3477 | val_loss: 0.3654 | val_dice: 0.7708
Epoch 32/100 | train_loss: 0.3448 | val_loss: 0.3703 | val_dice: 0.7590
Epoch 33/100 | train_loss: 0.3452 | val_loss: 0.3583 | val_dice: 0.7743
Epoch 34/100 | train_loss: 0.3426 | val_loss: 0.3559 | val_dice: 0.7704
Epoch 35/100 | train_loss: 0.3387 | val_loss: 0.3573 | val_dice: 0.7733
Epoch 36/100 | train_loss: 0.3322 | val_loss: 0.3570 | val_dice: 0.7736
Epoch 37/100 | train_loss: 0.3305 | val_loss: 0.3495 | val_dice: 0.7760
New best! Saved (val_dice: 0.7760)
Epoch 38/100 | train_loss: 0.3286 | val_loss: 0.3577 | val_dice: 0.7678
Epoch 39/100 | train_loss: 0.3296 | val_loss: 0.3548 | val_dice: 0.7693
Epoch 40/100 | train_loss: 0.3258 | val_loss: 0.3456 | val_dice: 0.7735
Epoch 41/100 | train_loss: 0.3241 | val_loss: 0.3609 | val_dice: 0.7615
Epoch 42/100 | train_loss: 0.3253 | val_loss: 0.3547 | val_dice: 0.7688
Epoch 43/100 | train_loss: 0.3175 | val_loss: 0.3406 | val_dice: 0.7750
Epoch 44/100 | train_loss: 0.3172 | val_loss: 0.3417 | val_dice: 0.7785
New best! Saved (val_dice: 0.7785)
Epoch 45/100 | train_loss: 0.3157 | val_loss: 0.3359 | val_dice: 0.7777
Epoch 46/100 | train_loss: 0.3127 | val_loss: 0.3389 | val_dice: 0.7764
Epoch 47/100 | train_loss: 0.3079 | val_loss: 0.3572 | val_dice: 0.7629
Epoch 48/100 | train_loss: 0.3050 | val_loss: 0.3473 | val_dice: 0.7696
Epoch 49/100 | train_loss: 0.3055 | val_loss: 0.3417 | val_dice: 0.7719
Epoch 50/100 | train_loss: 0.3023 | val_loss: 0.3332 | val_dice: 0.7782
Epoch 51/100 | train_loss: 0.3003 | val_loss: 0.3353 | val_dice: 0.7759
Epoch 52/100 | train_loss: 0.2991 | val_loss: 0.3367 | val_dice: 0.7760
Epoch 53/100 | train_loss: 0.2980 | val_loss: 0.3322 | val_dice: 0.7766
Epoch 54/100 | train_loss: 0.2890 | val_loss: 0.3296 | val_dice: 0.7780
Early stopping at epoch 54
Saved training curve to /users/egottfri/code/octa-segmentation/results/rose1_ablation/raw/attention_unet/training_curve_fold2.png
Fold 2 best Dice: 0.7785

==================================================
FOLD 3/5
==================================================
Epoch 1/100 | train_loss: 0.6434 | val_loss: 0.7007 | val_dice: 0.0480
New best! Saved (val_dice: 0.0480)
Epoch 2/100 | train_loss: 0.5515 | val_loss: 0.6844 | val_dice: 0.0070
Epoch 3/100 | train_loss: 0.5070 | val_loss: 0.6503 | val_dice: 0.0031
Epoch 4/100 | train_loss: 0.4842 | val_loss: 0.6136 | val_dice: 0.1258
New best! Saved (val_dice: 0.1258)
Epoch 5/100 | train_loss: 0.4651 | val_loss: 0.5471 | val_dice: 0.5016
New best! Saved (val_dice: 0.5016)
Epoch 6/100 | train_loss: 0.4528 | val_loss: 0.4854 | val_dice: 0.6638
New best! Saved (val_dice: 0.6638)
Epoch 7/100 | train_loss: 0.4415 | val_loss: 0.4354 | val_dice: 0.7106
New best! Saved (val_dice: 0.7106)
Epoch 8/100 | train_loss: 0.4311 | val_loss: 0.4138 | val_dice: 0.7396
New best! Saved (val_dice: 0.7396)
Epoch 9/100 | train_loss: 0.4213 | val_loss: 0.4037 | val_dice: 0.7571
New best! Saved (val_dice: 0.7571)
Epoch 10/100 | train_loss: 0.4142 | val_loss: 0.3944 | val_dice: 0.7623
New best! Saved (val_dice: 0.7623)
Epoch 11/100 | train_loss: 0.4098 | val_loss: 0.3931 | val_dice: 0.7597
Epoch 12/100 | train_loss: 0.4047 | val_loss: 0.3871 | val_dice: 0.7626
New best! Saved (val_dice: 0.7626)
Epoch 13/100 | train_loss: 0.3982 | val_loss: 0.3972 | val_dice: 0.7513
Epoch 14/100 | train_loss: 0.3942 | val_loss: 0.3829 | val_dice: 0.7658
New best! Saved (val_dice: 0.7658)
Epoch 15/100 | train_loss: 0.3889 | val_loss: 0.3691 | val_dice: 0.7802
New best! Saved (val_dice: 0.7802)
Epoch 16/100 | train_loss: 0.3857 | val_loss: 0.3689 | val_dice: 0.7797
Epoch 17/100 | train_loss: 0.3839 | val_loss: 0.3724 | val_dice: 0.7765
Epoch 18/100 | train_loss: 0.3771 | val_loss: 0.3640 | val_dice: 0.7814
New best! Saved (val_dice: 0.7814)
Epoch 19/100 | train_loss: 0.3744 | val_loss: 0.3620 | val_dice: 0.7879
New best! Saved (val_dice: 0.7879)
Epoch 20/100 | train_loss: 0.3688 | val_loss: 0.3573 | val_dice: 0.7867
Epoch 21/100 | train_loss: 0.3685 | val_loss: 0.3653 | val_dice: 0.7744
Epoch 22/100 | train_loss: 0.3674 | val_loss: 0.3634 | val_dice: 0.7799
Epoch 23/100 | train_loss: 0.3611 | val_loss: 0.3506 | val_dice: 0.7870
Epoch 24/100 | train_loss: 0.3578 | val_loss: 0.3536 | val_dice: 0.7900
New best! Saved (val_dice: 0.7900)
Epoch 25/100 | train_loss: 0.3541 | val_loss: 0.3487 | val_dice: 0.7901
New best! Saved (val_dice: 0.7901)
Epoch 26/100 | train_loss: 0.3502 | val_loss: 0.3482 | val_dice: 0.7843
Epoch 27/100 | train_loss: 0.3494 | val_loss: 0.3428 | val_dice: 0.7869
Epoch 28/100 | train_loss: 0.3459 | val_loss: 0.3430 | val_dice: 0.7896
Epoch 29/100 | train_loss: 0.3413 | val_loss: 0.3415 | val_dice: 0.7912
New best! Saved (val_dice: 0.7912)
Epoch 30/100 | train_loss: 0.3434 | val_loss: 0.3406 | val_dice: 0.7852
Epoch 31/100 | train_loss: 0.3403 | val_loss: 0.3409 | val_dice: 0.7883
Epoch 32/100 | train_loss: 0.3373 | val_loss: 0.3312 | val_dice: 0.7870
Epoch 33/100 | train_loss: 0.3307 | val_loss: 0.3308 | val_dice: 0.7932
New best! Saved (val_dice: 0.7932)
Epoch 34/100 | train_loss: 0.3306 | val_loss: 0.3314 | val_dice: 0.7882
Epoch 35/100 | train_loss: 0.3292 | val_loss: 0.3327 | val_dice: 0.7907
Epoch 36/100 | train_loss: 0.3261 | val_loss: 0.3274 | val_dice: 0.7914
Epoch 37/100 | train_loss: 0.3181 | val_loss: 0.3268 | val_dice: 0.7921
Epoch 38/100 | train_loss: 0.3192 | val_loss: 0.3288 | val_dice: 0.7877
Epoch 39/100 | train_loss: 0.3162 | val_loss: 0.3431 | val_dice: 0.7783
Epoch 40/100 | train_loss: 0.3163 | val_loss: 0.3236 | val_dice: 0.7914
Epoch 41/100 | train_loss: 0.3108 | val_loss: 0.3188 | val_dice: 0.7903
Epoch 42/100 | train_loss: 0.3105 | val_loss: 0.3248 | val_dice: 0.7907
Epoch 43/100 | train_loss: 0.3082 | val_loss: 0.3167 | val_dice: 0.7875
Early stopping at epoch 43
Saved training curve to /users/egottfri/code/octa-segmentation/results/rose1_ablation/raw/attention_unet/training_curve_fold3.png
Fold 3 best Dice: 0.7932

==================================================
FOLD 4/5
==================================================
Epoch 1/100 | train_loss: 0.6319 | val_loss: 0.7110 | val_dice: 0.3202
New best! Saved (val_dice: 0.3202)
Epoch 2/100 | train_loss: 0.5414 | val_loss: 0.6950 | val_dice: 0.0002
Epoch 3/100 | train_loss: 0.5028 | val_loss: 0.6653 | val_dice: 0.0086
Epoch 4/100 | train_loss: 0.4769 | val_loss: 0.6265 | val_dice: 0.1416
Epoch 5/100 | train_loss: 0.4594 | val_loss: 0.5755 | val_dice: 0.4336
New best! Saved (val_dice: 0.4336)
Epoch 6/100 | train_loss: 0.4481 | val_loss: 0.5073 | val_dice: 0.6107
New best! Saved (val_dice: 0.6107)
Epoch 7/100 | train_loss: 0.4347 | val_loss: 0.4671 | val_dice: 0.5531
Epoch 8/100 | train_loss: 0.4251 | val_loss: 0.4315 | val_dice: 0.7024
New best! Saved (val_dice: 0.7024)
Epoch 9/100 | train_loss: 0.4176 | val_loss: 0.4104 | val_dice: 0.7289
New best! Saved (val_dice: 0.7289)
Epoch 10/100 | train_loss: 0.4095 | val_loss: 0.4048 | val_dice: 0.7425
New best! Saved (val_dice: 0.7425)
Epoch 11/100 | train_loss: 0.4024 | val_loss: 0.3967 | val_dice: 0.7483
New best! Saved (val_dice: 0.7483)
Epoch 12/100 | train_loss: 0.3959 | val_loss: 0.3955 | val_dice: 0.7521
New best! Saved (val_dice: 0.7521)
Epoch 13/100 | train_loss: 0.3903 | val_loss: 0.3900 | val_dice: 0.7497
Epoch 14/100 | train_loss: 0.3856 | val_loss: 0.3889 | val_dice: 0.7534
New best! Saved (val_dice: 0.7534)
Epoch 15/100 | train_loss: 0.3813 | val_loss: 0.3799 | val_dice: 0.7571
New best! Saved (val_dice: 0.7571)
Epoch 16/100 | train_loss: 0.3815 | val_loss: 0.3804 | val_dice: 0.7615
New best! Saved (val_dice: 0.7615)
Epoch 17/100 | train_loss: 0.3745 | val_loss: 0.3755 | val_dice: 0.7604
Epoch 18/100 | train_loss: 0.3697 | val_loss: 0.3735 | val_dice: 0.7622
New best! Saved (val_dice: 0.7622)
Epoch 19/100 | train_loss: 0.3666 | val_loss: 0.3755 | val_dice: 0.7553
Epoch 20/100 | train_loss: 0.3658 | val_loss: 0.3694 | val_dice: 0.7643
New best! Saved (val_dice: 0.7643)
Epoch 21/100 | train_loss: 0.3592 | val_loss: 0.3655 | val_dice: 0.7673
New best! Saved (val_dice: 0.7673)
Epoch 22/100 | train_loss: 0.3581 | val_loss: 0.3585 | val_dice: 0.7704
New best! Saved (val_dice: 0.7704)
Epoch 23/100 | train_loss: 0.3550 | val_loss: 0.3598 | val_dice: 0.7676
Epoch 24/100 | train_loss: 0.3491 | val_loss: 0.3608 | val_dice: 0.7672
Epoch 25/100 | train_loss: 0.3485 | val_loss: 0.3690 | val_dice: 0.7618
Epoch 26/100 | train_loss: 0.3457 | val_loss: 0.3481 | val_dice: 0.7727
New best! Saved (val_dice: 0.7727)
Epoch 27/100 | train_loss: 0.3405 | val_loss: 0.3564 | val_dice: 0.7623
Epoch 28/100 | train_loss: 0.3367 | val_loss: 0.3489 | val_dice: 0.7714
Epoch 29/100 | train_loss: 0.3352 | val_loss: 0.3484 | val_dice: 0.7720
Epoch 30/100 | train_loss: 0.3292 | val_loss: 0.3507 | val_dice: 0.7707
Epoch 31/100 | train_loss: 0.3313 | val_loss: 0.3483 | val_dice: 0.7705
Epoch 32/100 | train_loss: 0.3275 | val_loss: 0.3393 | val_dice: 0.7743
New best! Saved (val_dice: 0.7743)
Epoch 33/100 | train_loss: 0.3248 | val_loss: 0.3435 | val_dice: 0.7743
Epoch 34/100 | train_loss: 0.3180 | val_loss: 0.3433 | val_dice: 0.7713
Epoch 35/100 | train_loss: 0.3166 | val_loss: 0.3427 | val_dice: 0.7715
Epoch 36/100 | train_loss: 0.3200 | val_loss: 0.3517 | val_dice: 0.7570
Epoch 37/100 | train_loss: 0.3144 | val_loss: 0.3394 | val_dice: 0.7709
Epoch 38/100 | train_loss: 0.3107 | val_loss: 0.3404 | val_dice: 0.7699
Epoch 39/100 | train_loss: 0.3105 | val_loss: 0.3384 | val_dice: 0.7682
Epoch 40/100 | train_loss: 0.3089 | val_loss: 0.3295 | val_dice: 0.7767
New best! Saved (val_dice: 0.7767)
Epoch 41/100 | train_loss: 0.3020 | val_loss: 0.3296 | val_dice: 0.7719
Epoch 42/100 | train_loss: 0.3054 | val_loss: 0.3266 | val_dice: 0.7741
Epoch 43/100 | train_loss: 0.2955 | val_loss: 0.3349 | val_dice: 0.7695
Epoch 44/100 | train_loss: 0.2966 | val_loss: 0.3362 | val_dice: 0.7652
Epoch 45/100 | train_loss: 0.2961 | val_loss: 0.3202 | val_dice: 0.7721
Epoch 46/100 | train_loss: 0.2953 | val_loss: 0.3415 | val_dice: 0.7606
Epoch 47/100 | train_loss: 0.2914 | val_loss: 0.3250 | val_dice: 0.7740
Epoch 48/100 | train_loss: 0.2931 | val_loss: 0.3218 | val_dice: 0.7685
Epoch 49/100 | train_loss: 0.2889 | val_loss: 0.3230 | val_dice: 0.7705
Epoch 50/100 | train_loss: 0.2834 | val_loss: 0.3249 | val_dice: 0.7688
Early stopping at epoch 50
Saved training curve to /users/egottfri/code/octa-segmentation/results/rose1_ablation/raw/attention_unet/training_curve_fold4.png
Fold 4 best Dice: 0.7767

==================================================
FOLD 5/5
==================================================
Epoch 1/100 | train_loss: 0.6380 | val_loss: 0.6941 | val_dice: 0.0000
New best! Saved (val_dice: 0.0000)
Epoch 2/100 | train_loss: 0.5506 | val_loss: 0.6836 | val_dice: 0.0000
Epoch 3/100 | train_loss: 0.5012 | val_loss: 0.6556 | val_dice: 0.0055
New best! Saved (val_dice: 0.0055)
Epoch 4/100 | train_loss: 0.4726 | val_loss: 0.6128 | val_dice: 0.1067
New best! Saved (val_dice: 0.1067)
Epoch 5/100 | train_loss: 0.4575 | val_loss: 0.5575 | val_dice: 0.3868
New best! Saved (val_dice: 0.3868)
Epoch 6/100 | train_loss: 0.4426 | val_loss: 0.4944 | val_dice: 0.5591
New best! Saved (val_dice: 0.5591)
Epoch 7/100 | train_loss: 0.4325 | val_loss: 0.4383 | val_dice: 0.6850
New best! Saved (val_dice: 0.6850)
Epoch 8/100 | train_loss: 0.4241 | val_loss: 0.4179 | val_dice: 0.7235
New best! Saved (val_dice: 0.7235)
Epoch 9/100 | train_loss: 0.4168 | val_loss: 0.4084 | val_dice: 0.7341
New best! Saved (val_dice: 0.7341)
Epoch 10/100 | train_loss: 0.4073 | val_loss: 0.4015 | val_dice: 0.7431
New best! Saved (val_dice: 0.7431)
Epoch 11/100 | train_loss: 0.4046 | val_loss: 0.3990 | val_dice: 0.7476
New best! Saved (val_dice: 0.7476)
Epoch 12/100 | train_loss: 0.3972 | val_loss: 0.4062 | val_dice: 0.7416
Epoch 13/100 | train_loss: 0.3933 | val_loss: 0.3932 | val_dice: 0.7474
Epoch 14/100 | train_loss: 0.3907 | val_loss: 0.3963 | val_dice: 0.7505
New best! Saved (val_dice: 0.7505)
Epoch 15/100 | train_loss: 0.3838 | val_loss: 0.4004 | val_dice: 0.7389
Epoch 16/100 | train_loss: 0.3822 | val_loss: 0.3862 | val_dice: 0.7594
New best! Saved (val_dice: 0.7594)
Epoch 17/100 | train_loss: 0.3761 | val_loss: 0.3811 | val_dice: 0.7611
New best! Saved (val_dice: 0.7611)
Epoch 18/100 | train_loss: 0.3751 | val_loss: 0.3687 | val_dice: 0.7688
New best! Saved (val_dice: 0.7688)
Epoch 19/100 | train_loss: 0.3708 | val_loss: 0.3728 | val_dice: 0.7627
Epoch 20/100 | train_loss: 0.3656 | val_loss: 0.3754 | val_dice: 0.7600
Epoch 21/100 | train_loss: 0.3625 | val_loss: 0.3708 | val_dice: 0.7624
Epoch 22/100 | train_loss: 0.3595 | val_loss: 0.3642 | val_dice: 0.7717
New best! Saved (val_dice: 0.7717)
Epoch 23/100 | train_loss: 0.3542 | val_loss: 0.3623 | val_dice: 0.7701
Epoch 24/100 | train_loss: 0.3544 | val_loss: 0.3604 | val_dice: 0.7716
Epoch 25/100 | train_loss: 0.3506 | val_loss: 0.3566 | val_dice: 0.7774
New best! Saved (val_dice: 0.7774)
Epoch 26/100 | train_loss: 0.3474 | val_loss: 0.3634 | val_dice: 0.7642
Epoch 27/100 | train_loss: 0.3455 | val_loss: 0.3650 | val_dice: 0.7663
Epoch 28/100 | train_loss: 0.3420 | val_loss: 0.3561 | val_dice: 0.7707
Epoch 29/100 | train_loss: 0.3389 | val_loss: 0.3548 | val_dice: 0.7745
Epoch 30/100 | train_loss: 0.3369 | val_loss: 0.3516 | val_dice: 0.7689
Epoch 31/100 | train_loss: 0.3371 | val_loss: 0.3522 | val_dice: 0.7667
Epoch 32/100 | train_loss: 0.3300 | val_loss: 0.3513 | val_dice: 0.7739
Epoch 33/100 | train_loss: 0.3259 | val_loss: 0.3501 | val_dice: 0.7740
Epoch 34/100 | train_loss: 0.3290 | val_loss: 0.3467 | val_dice: 0.7762
Epoch 35/100 | train_loss: 0.3314 | val_loss: 0.3487 | val_dice: 0.7766
Early stopping at epoch 35
Saved training curve to /users/egottfri/code/octa-segmentation/results/rose1_ablation/raw/attention_unet/training_curve_fold5.png
Fold 5 best Dice: 0.7774

==================================================
K-FOLD RESULTS: 0.7825 ± 0.0065
Individual folds: ['0.7870', '0.7785', '0.7932', '0.7767', '0.7774']
==================================================
[train] raw / res_unet

==================================================
FOLD 1/5
==================================================
Epoch 1/100 | train_loss: 0.6195 | val_loss: 0.7102 | val_dice: 0.3675
New best! Saved (val_dice: 0.3675)
Epoch 2/100 | train_loss: 0.5304 | val_loss: 0.6718 | val_dice: 0.0031
Epoch 3/100 | train_loss: 0.4829 | val_loss: 0.6206 | val_dice: 0.0658
Epoch 4/100 | train_loss: 0.4443 | val_loss: 0.5635 | val_dice: 0.1743
Epoch 5/100 | train_loss: 0.4088 | val_loss: 0.5446 | val_dice: 0.1337
Epoch 6/100 | train_loss: 0.3677 | val_loss: 0.6354 | val_dice: 0.0470
Epoch 7/100 | train_loss: 0.3416 | val_loss: 0.3855 | val_dice: 0.6049
New best! Saved (val_dice: 0.6049)
Epoch 8/100 | train_loss: 0.3210 | val_loss: 0.3349 | val_dice: 0.7036
New best! Saved (val_dice: 0.7036)
Epoch 9/100 | train_loss: 0.3038 | val_loss: 0.4205 | val_dice: 0.5220
Epoch 10/100 | train_loss: 0.2965 | val_loss: 0.2883 | val_dice: 0.7497
New best! Saved (val_dice: 0.7497)
Epoch 11/100 | train_loss: 0.2816 | val_loss: 0.2706 | val_dice: 0.7516
New best! Saved (val_dice: 0.7516)
Epoch 12/100 | train_loss: 0.2805 | val_loss: 0.3044 | val_dice: 0.7316
Epoch 13/100 | train_loss: 0.2763 | val_loss: 0.2502 | val_dice: 0.7723
New best! Saved (val_dice: 0.7723)
Epoch 14/100 | train_loss: 0.2725 | val_loss: 0.2581 | val_dice: 0.7669
Epoch 15/100 | train_loss: 0.2665 | val_loss: 0.2454 | val_dice: 0.7774
New best! Saved (val_dice: 0.7774)
Epoch 16/100 | train_loss: 0.2626 | val_loss: 0.2432 | val_dice: 0.7773
Epoch 17/100 | train_loss: 0.2623 | val_loss: 0.2475 | val_dice: 0.7768
Epoch 18/100 | train_loss: 0.2617 | val_loss: 0.2440 | val_dice: 0.7739
Epoch 19/100 | train_loss: 0.2594 | val_loss: 0.2387 | val_dice: 0.7812
New best! Saved (val_dice: 0.7812)
Epoch 20/100 | train_loss: 0.2562 | val_loss: 0.2359 | val_dice: 0.7852
New best! Saved (val_dice: 0.7852)
Epoch 21/100 | train_loss: 0.2527 | val_loss: 0.2348 | val_dice: 0.7858
New best! Saved (val_dice: 0.7858)
Epoch 22/100 | train_loss: 0.2535 | val_loss: 0.2387 | val_dice: 0.7823
Epoch 23/100 | train_loss: 0.2531 | val_loss: 0.2352 | val_dice: 0.7862
New best! Saved (val_dice: 0.7862)
Epoch 24/100 | train_loss: 0.2540 | val_loss: 0.2328 | val_dice: 0.7881
New best! Saved (val_dice: 0.7881)
Epoch 25/100 | train_loss: 0.2510 | val_loss: 0.2330 | val_dice: 0.7885
New best! Saved (val_dice: 0.7885)
Epoch 26/100 | train_loss: 0.2473 | val_loss: 0.2331 | val_dice: 0.7875
Epoch 27/100 | train_loss: 0.2451 | val_loss: 0.2312 | val_dice: 0.7890
New best! Saved (val_dice: 0.7890)
Epoch 28/100 | train_loss: 0.2446 | val_loss: 0.2364 | val_dice: 0.7804
Epoch 29/100 | train_loss: 0.2438 | val_loss: 0.2357 | val_dice: 0.7807
Epoch 30/100 | train_loss: 0.2416 | val_loss: 0.2302 | val_dice: 0.7915
New best! Saved (val_dice: 0.7915)
Epoch 31/100 | train_loss: 0.2452 | val_loss: 0.2309 | val_dice: 0.7900
Epoch 32/100 | train_loss: 0.2401 | val_loss: 0.2311 | val_dice: 0.7922
New best! Saved (val_dice: 0.7922)
Epoch 33/100 | train_loss: 0.2410 | val_loss: 0.2279 | val_dice: 0.7920
Epoch 34/100 | train_loss: 0.2392 | val_loss: 0.2365 | val_dice: 0.7856
Epoch 35/100 | train_loss: 0.2357 | val_loss: 0.2292 | val_dice: 0.7907
Epoch 36/100 | train_loss: 0.2392 | val_loss: 0.2281 | val_dice: 0.7917
Epoch 37/100 | train_loss: 0.2308 | val_loss: 0.2366 | val_dice: 0.7776
Epoch 38/100 | train_loss: 0.2330 | val_loss: 0.2269 | val_dice: 0.7934
New best! Saved (val_dice: 0.7934)
Epoch 39/100 | train_loss: 0.2300 | val_loss: 0.2281 | val_dice: 0.7910
Epoch 40/100 | train_loss: 0.2320 | val_loss: 0.2308 | val_dice: 0.7909
Epoch 41/100 | train_loss: 0.2292 | val_loss: 0.2327 | val_dice: 0.7906
Epoch 42/100 | train_loss: 0.2328 | val_loss: 0.2258 | val_dice: 0.7936
New best! Saved (val_dice: 0.7936)
Epoch 43/100 | train_loss: 0.2263 | val_loss: 0.2246 | val_dice: 0.7960
New best! Saved (val_dice: 0.7960)
Epoch 44/100 | train_loss: 0.2218 | val_loss: 0.2296 | val_dice: 0.7892
Epoch 45/100 | train_loss: 0.2256 | val_loss: 0.2320 | val_dice: 0.7898
Epoch 46/100 | train_loss: 0.2263 | val_loss: 0.2261 | val_dice: 0.7909
Epoch 47/100 | train_loss: 0.2216 | val_loss: 0.2255 | val_dice: 0.7942
Epoch 48/100 | train_loss: 0.2189 | val_loss: 0.2264 | val_dice: 0.7910
Epoch 49/100 | train_loss: 0.2186 | val_loss: 0.2255 | val_dice: 0.7944
Epoch 50/100 | train_loss: 0.2253 | val_loss: 0.2444 | val_dice: 0.7787
Epoch 51/100 | train_loss: 0.2246 | val_loss: 0.2688 | val_dice: 0.7618
Epoch 52/100 | train_loss: 0.2207 | val_loss: 0.2429 | val_dice: 0.7811
Epoch 53/100 | train_loss: 0.2199 | val_loss: 0.2291 | val_dice: 0.7913
Early stopping at epoch 53
Saved training curve to /users/egottfri/code/octa-segmentation/results/rose1_ablation/raw/res_unet/training_curve_fold1.png
Fold 1 best Dice: 0.7960

==================================================
FOLD 2/5
==================================================
Epoch 1/100 | train_loss: 0.6106 | val_loss: 0.6758 | val_dice: 0.0031
New best! Saved (val_dice: 0.0031)
Epoch 2/100 | train_loss: 0.5193 | val_loss: 0.6451 | val_dice: 0.0109
New best! Saved (val_dice: 0.0109)
Epoch 3/100 | train_loss: 0.4773 | val_loss: 0.6029 | val_dice: 0.0795
New best! Saved (val_dice: 0.0795)
Epoch 4/100 | train_loss: 0.4422 | val_loss: 0.5586 | val_dice: 0.1456
New best! Saved (val_dice: 0.1456)
Epoch 5/100 | train_loss: 0.4008 | val_loss: 0.5385 | val_dice: 0.1787
New best! Saved (val_dice: 0.1787)
Epoch 6/100 | train_loss: 0.3591 | val_loss: 0.7521 | val_dice: 0.0001
Epoch 7/100 | train_loss: 0.3296 | val_loss: 0.3890 | val_dice: 0.6183
New best! Saved (val_dice: 0.6183)
Epoch 8/100 | train_loss: 0.3101 | val_loss: 0.4176 | val_dice: 0.5405
Epoch 9/100 | train_loss: 0.2965 | val_loss: 0.3120 | val_dice: 0.7149
New best! Saved (val_dice: 0.7149)
Epoch 10/100 | train_loss: 0.2910 | val_loss: 0.2927 | val_dice: 0.7403
New best! Saved (val_dice: 0.7403)
Epoch 11/100 | train_loss: 0.2819 | val_loss: 0.2881 | val_dice: 0.7464
New best! Saved (val_dice: 0.7464)
Epoch 12/100 | train_loss: 0.2705 | val_loss: 0.2796 | val_dice: 0.7533
New best! Saved (val_dice: 0.7533)
Epoch 13/100 | train_loss: 0.2685 | val_loss: 0.2758 | val_dice: 0.7563
New best! Saved (val_dice: 0.7563)
Epoch 14/100 | train_loss: 0.2655 | val_loss: 0.2710 | val_dice: 0.7593
New best! Saved (val_dice: 0.7593)
Epoch 15/100 | train_loss: 0.2589 | val_loss: 0.2694 | val_dice: 0.7605
New best! Saved (val_dice: 0.7605)
Epoch 16/100 | train_loss: 0.2615 | val_loss: 0.2786 | val_dice: 0.7572
Epoch 17/100 | train_loss: 0.2558 | val_loss: 0.2633 | val_dice: 0.7668
New best! Saved (val_dice: 0.7668)
Epoch 18/100 | train_loss: 0.2526 | val_loss: 0.2696 | val_dice: 0.7646
Epoch 19/100 | train_loss: 0.2533 | val_loss: 0.2701 | val_dice: 0.7540
Epoch 20/100 | train_loss: 0.2511 | val_loss: 0.3036 | val_dice: 0.7359
Epoch 21/100 | train_loss: 0.2556 | val_loss: 0.2572 | val_dice: 0.7724
New best! Saved (val_dice: 0.7724)
Epoch 22/100 | train_loss: 0.2514 | val_loss: 0.3032 | val_dice: 0.7371
Epoch 23/100 | train_loss: 0.2481 | val_loss: 0.2548 | val_dice: 0.7755
New best! Saved (val_dice: 0.7755)
Epoch 24/100 | train_loss: 0.2460 | val_loss: 0.2569 | val_dice: 0.7753
Epoch 25/100 | train_loss: 0.2442 | val_loss: 0.2642 | val_dice: 0.7698
Epoch 26/100 | train_loss: 0.2470 | val_loss: 0.2544 | val_dice: 0.7766
New best! Saved (val_dice: 0.7766)
Epoch 27/100 | train_loss: 0.2417 | val_loss: 0.2519 | val_dice: 0.7766
Epoch 28/100 | train_loss: 0.2382 | val_loss: 0.2552 | val_dice: 0.7725
Epoch 29/100 | train_loss: 0.2389 | val_loss: 0.2560 | val_dice: 0.7763
Epoch 30/100 | train_loss: 0.2379 | val_loss: 0.2515 | val_dice: 0.7762
Epoch 31/100 | train_loss: 0.2359 | val_loss: 0.2521 | val_dice: 0.7774
New best! Saved (val_dice: 0.7774)
Epoch 32/100 | train_loss: 0.2384 | val_loss: 0.2483 | val_dice: 0.7822
New best! Saved (val_dice: 0.7822)
Epoch 33/100 | train_loss: 0.2409 | val_loss: 0.2523 | val_dice: 0.7768
Epoch 34/100 | train_loss: 0.2355 | val_loss: 0.2643 | val_dice: 0.7544
Epoch 35/100 | train_loss: 0.2369 | val_loss: 0.2834 | val_dice: 0.7328
Epoch 36/100 | train_loss: 0.2337 | val_loss: 0.2671 | val_dice: 0.7677
Epoch 37/100 | train_loss: 0.2353 | val_loss: 0.2588 | val_dice: 0.7740
Epoch 38/100 | train_loss: 0.2308 | val_loss: 0.2485 | val_dice: 0.7782
Epoch 39/100 | train_loss: 0.2273 | val_loss: 0.2445 | val_dice: 0.7841
New best! Saved (val_dice: 0.7841)
Epoch 40/100 | train_loss: 0.2266 | val_loss: 0.2454 | val_dice: 0.7843
New best! Saved (val_dice: 0.7843)
Epoch 41/100 | train_loss: 0.2275 | val_loss: 0.2471 | val_dice: 0.7810
Epoch 42/100 | train_loss: 0.2304 | val_loss: 0.2479 | val_dice: 0.7833
Epoch 43/100 | train_loss: 0.2308 | val_loss: 0.2491 | val_dice: 0.7765
Epoch 44/100 | train_loss: 0.2210 | val_loss: 0.2474 | val_dice: 0.7816
Epoch 45/100 | train_loss: 0.2262 | val_loss: 0.2475 | val_dice: 0.7829
Epoch 46/100 | train_loss: 0.2260 | val_loss: 0.2489 | val_dice: 0.7792
Epoch 47/100 | train_loss: 0.2237 | val_loss: 0.2613 | val_dice: 0.7618
Epoch 48/100 | train_loss: 0.2234 | val_loss: 0.2492 | val_dice: 0.7821
Epoch 49/100 | train_loss: 0.2189 | val_loss: 0.2564 | val_dice: 0.7769
Epoch 50/100 | train_loss: 0.2187 | val_loss: 0.2450 | val_dice: 0.7822
Early stopping at epoch 50
Saved training curve to /users/egottfri/code/octa-segmentation/results/rose1_ablation/raw/res_unet/training_curve_fold2.png
Fold 2 best Dice: 0.7843

==================================================
FOLD 3/5
==================================================
Epoch 1/100 | train_loss: 0.6525 | val_loss: 0.6987 | val_dice: 0.2889
New best! Saved (val_dice: 0.2889)
Epoch 2/100 | train_loss: 0.5504 | val_loss: 0.6689 | val_dice: 0.2002
Epoch 3/100 | train_loss: 0.5048 | val_loss: 0.6223 | val_dice: 0.0963
Epoch 4/100 | train_loss: 0.4653 | val_loss: 0.5740 | val_dice: 0.1747
Epoch 5/100 | train_loss: 0.4272 | val_loss: 0.5295 | val_dice: 0.2686
Epoch 6/100 | train_loss: 0.3852 | val_loss: 0.6605 | val_dice: 0.0028
Epoch 7/100 | train_loss: 0.3469 | val_loss: 0.5154 | val_dice: 0.3328
New best! Saved (val_dice: 0.3328)
Epoch 8/100 | train_loss: 0.3246 | val_loss: 0.3331 | val_dice: 0.7043
New best! Saved (val_dice: 0.7043)
Epoch 9/100 | train_loss: 0.3099 | val_loss: 0.3290 | val_dice: 0.6828
Epoch 10/100 | train_loss: 0.2965 | val_loss: 0.2895 | val_dice: 0.7384
New best! Saved (val_dice: 0.7384)
Epoch 11/100 | train_loss: 0.2852 | val_loss: 0.2785 | val_dice: 0.7644
New best! Saved (val_dice: 0.7644)
Epoch 12/100 | train_loss: 0.2776 | val_loss: 0.2639 | val_dice: 0.7614
Epoch 13/100 | train_loss: 0.2756 | val_loss: 0.2587 | val_dice: 0.7726
New best! Saved (val_dice: 0.7726)
Epoch 14/100 | train_loss: 0.2689 | val_loss: 0.2530 | val_dice: 0.7699
Epoch 15/100 | train_loss: 0.2694 | val_loss: 0.2537 | val_dice: 0.7785
New best! Saved (val_dice: 0.7785)
Epoch 16/100 | train_loss: 0.2683 | val_loss: 0.2588 | val_dice: 0.7601
Epoch 17/100 | train_loss: 0.2599 | val_loss: 0.2497 | val_dice: 0.7800
New best! Saved (val_dice: 0.7800)
Epoch 18/100 | train_loss: 0.2568 | val_loss: 0.2600 | val_dice: 0.7563
Epoch 19/100 | train_loss: 0.2662 | val_loss: 0.2459 | val_dice: 0.7797
Epoch 20/100 | train_loss: 0.2586 | val_loss: 0.2420 | val_dice: 0.7839
New best! Saved (val_dice: 0.7839)
Epoch 21/100 | train_loss: 0.2532 | val_loss: 0.2488 | val_dice: 0.7807
Epoch 22/100 | train_loss: 0.2500 | val_loss: 0.2390 | val_dice: 0.7846
New best! Saved (val_dice: 0.7846)
Epoch 23/100 | train_loss: 0.2497 | val_loss: 0.2379 | val_dice: 0.7888
New best! Saved (val_dice: 0.7888)
Epoch 24/100 | train_loss: 0.2478 | val_loss: 0.2415 | val_dice: 0.7822
Epoch 25/100 | train_loss: 0.2499 | val_loss: 0.2487 | val_dice: 0.7693
Epoch 26/100 | train_loss: 0.2462 | val_loss: 0.2340 | val_dice: 0.7920
New best! Saved (val_dice: 0.7920)
Epoch 27/100 | train_loss: 0.2481 | val_loss: 0.2728 | val_dice: 0.7382
Epoch 28/100 | train_loss: 0.2438 | val_loss: 0.2338 | val_dice: 0.7921
New best! Saved (val_dice: 0.7921)
Epoch 29/100 | train_loss: 0.2430 | val_loss: 0.2411 | val_dice: 0.7787
Epoch 30/100 | train_loss: 0.2416 | val_loss: 0.2399 | val_dice: 0.7795
Epoch 31/100 | train_loss: 0.2397 | val_loss: 0.2347 | val_dice: 0.7870
Epoch 32/100 | train_loss: 0.2377 | val_loss: 0.2316 | val_dice: 0.7950
New best! Saved (val_dice: 0.7950)
Epoch 33/100 | train_loss: 0.2357 | val_loss: 0.2308 | val_dice: 0.7911
Epoch 34/100 | train_loss: 0.2355 | val_loss: 0.2303 | val_dice: 0.7943
Epoch 35/100 | train_loss: 0.2391 | val_loss: 0.2329 | val_dice: 0.7898
Epoch 36/100 | train_loss: 0.2418 | val_loss: 0.2310 | val_dice: 0.7962
New best! Saved (val_dice: 0.7962)
Epoch 37/100 | train_loss: 0.2382 | val_loss: 0.2808 | val_dice: 0.7565
Epoch 38/100 | train_loss: 0.2354 | val_loss: 0.2385 | val_dice: 0.7818
Epoch 39/100 | train_loss: 0.2375 | val_loss: 0.2342 | val_dice: 0.7878
Epoch 40/100 | train_loss: 0.2332 | val_loss: 0.2311 | val_dice: 0.7925
Epoch 41/100 | train_loss: 0.2315 | val_loss: 0.2303 | val_dice: 0.7921
Epoch 42/100 | train_loss: 0.2281 | val_loss: 0.2253 | val_dice: 0.7985
New best! Saved (val_dice: 0.7985)
Epoch 43/100 | train_loss: 0.2281 | val_loss: 0.2347 | val_dice: 0.7856
Epoch 44/100 | train_loss: 0.2270 | val_loss: 0.2321 | val_dice: 0.7911
Epoch 45/100 | train_loss: 0.2269 | val_loss: 0.2283 | val_dice: 0.7975
Epoch 46/100 | train_loss: 0.2332 | val_loss: 0.2343 | val_dice: 0.7878
Epoch 47/100 | train_loss: 0.2278 | val_loss: 0.2273 | val_dice: 0.7962
Epoch 48/100 | train_loss: 0.2252 | val_loss: 0.2288 | val_dice: 0.7973
Epoch 49/100 | train_loss: 0.2201 | val_loss: 0.2276 | val_dice: 0.7961
Epoch 50/100 | train_loss: 0.2167 | val_loss: 0.2340 | val_dice: 0.7847
Epoch 51/100 | train_loss: 0.2200 | val_loss: 0.2282 | val_dice: 0.7946
Epoch 52/100 | train_loss: 0.2184 | val_loss: 0.2362 | val_dice: 0.7847
Early stopping at epoch 52
Saved training curve to /users/egottfri/code/octa-segmentation/results/rose1_ablation/raw/res_unet/training_curve_fold3.png
Fold 3 best Dice: 0.7985

==================================================
FOLD 4/5
==================================================
Epoch 1/100 | train_loss: 0.6337 | val_loss: 0.6858 | val_dice: 0.0002
New best! Saved (val_dice: 0.0002)
Epoch 2/100 | train_loss: 0.5524 | val_loss: 0.6655 | val_dice: 0.0017
New best! Saved (val_dice: 0.0017)
Epoch 3/100 | train_loss: 0.5089 | val_loss: 0.6329 | val_dice: 0.0512
New best! Saved (val_dice: 0.0512)
Epoch 4/100 | train_loss: 0.4759 | val_loss: 0.5921 | val_dice: 0.1453
New best! Saved (val_dice: 0.1453)
Epoch 5/100 | train_loss: 0.4397 | val_loss: 0.5615 | val_dice: 0.1344
Epoch 6/100 | train_loss: 0.3915 | val_loss: 0.7843 | val_dice: 0.0000
Epoch 7/100 | train_loss: 0.3555 | val_loss: 0.4126 | val_dice: 0.5653
New best! Saved (val_dice: 0.5653)
Epoch 8/100 | train_loss: 0.3318 | val_loss: 0.3755 | val_dice: 0.6198
New best! Saved (val_dice: 0.6198)
Epoch 9/100 | train_loss: 0.3139 | val_loss: 0.3738 | val_dice: 0.6149
Epoch 10/100 | train_loss: 0.2990 | val_loss: 0.3075 | val_dice: 0.7251
New best! Saved (val_dice: 0.7251)
Epoch 11/100 | train_loss: 0.2890 | val_loss: 0.2972 | val_dice: 0.7325
New best! Saved (val_dice: 0.7325)
Epoch 12/100 | train_loss: 0.2783 | val_loss: 0.2867 | val_dice: 0.7387
New best! Saved (val_dice: 0.7387)
Epoch 13/100 | train_loss: 0.2763 | val_loss: 0.2776 | val_dice: 0.7429
New best! Saved (val_dice: 0.7429)
Epoch 14/100 | train_loss: 0.2686 | val_loss: 0.3114 | val_dice: 0.7268
Epoch 15/100 | train_loss: 0.2690 | val_loss: 0.2960 | val_dice: 0.7097
Epoch 16/100 | train_loss: 0.2618 | val_loss: 0.2721 | val_dice: 0.7574
New best! Saved (val_dice: 0.7574)
Epoch 17/100 | train_loss: 0.2590 | val_loss: 0.2626 | val_dice: 0.7576
New best! Saved (val_dice: 0.7576)
Epoch 18/100 | train_loss: 0.2610 | val_loss: 0.2613 | val_dice: 0.7589
New best! Saved (val_dice: 0.7589)
Epoch 19/100 | train_loss: 0.2534 | val_loss: 0.2679 | val_dice: 0.7478
Epoch 20/100 | train_loss: 0.2505 | val_loss: 0.2551 | val_dice: 0.7668
New best! Saved (val_dice: 0.7668)
Epoch 21/100 | train_loss: 0.2536 | val_loss: 0.2579 | val_dice: 0.7624
Epoch 22/100 | train_loss: 0.2483 | val_loss: 0.2532 | val_dice: 0.7687
New best! Saved (val_dice: 0.7687)
Epoch 23/100 | train_loss: 0.2515 | val_loss: 0.2609 | val_dice: 0.7579
Epoch 24/100 | train_loss: 0.2475 | val_loss: 0.2546 | val_dice: 0.7673
Epoch 25/100 | train_loss: 0.2469 | val_loss: 0.2550 | val_dice: 0.7662
Epoch 26/100 | train_loss: 0.2483 | val_loss: 0.2803 | val_dice: 0.7503
Epoch 27/100 | train_loss: 0.2462 | val_loss: 0.2688 | val_dice: 0.7598
Epoch 28/100 | train_loss: 0.2449 | val_loss: 0.2494 | val_dice: 0.7727
New best! Saved (val_dice: 0.7727)
Epoch 29/100 | train_loss: 0.2427 | val_loss: 0.2484 | val_dice: 0.7754
New best! Saved (val_dice: 0.7754)
Epoch 30/100 | train_loss: 0.2398 | val_loss: 0.2551 | val_dice: 0.7611
Epoch 31/100 | train_loss: 0.2403 | val_loss: 0.2463 | val_dice: 0.7747
Epoch 32/100 | train_loss: 0.2365 | val_loss: 0.2576 | val_dice: 0.7587
Epoch 33/100 | train_loss: 0.2374 | val_loss: 0.2560 | val_dice: 0.7602
Epoch 34/100 | train_loss: 0.2385 | val_loss: 0.2502 | val_dice: 0.7752
Epoch 35/100 | train_loss: 0.2358 | val_loss: 0.2584 | val_dice: 0.7680
Epoch 36/100 | train_loss: 0.2362 | val_loss: 0.2456 | val_dice: 0.7747
Epoch 37/100 | train_loss: 0.2330 | val_loss: 0.2463 | val_dice: 0.7774
New best! Saved (val_dice: 0.7774)
Epoch 38/100 | train_loss: 0.2315 | val_loss: 0.2447 | val_dice: 0.7772
Epoch 39/100 | train_loss: 0.2345 | val_loss: 0.2495 | val_dice: 0.7686
Epoch 40/100 | train_loss: 0.2345 | val_loss: 0.2563 | val_dice: 0.7612
Epoch 41/100 | train_loss: 0.2286 | val_loss: 0.2478 | val_dice: 0.7752
Epoch 42/100 | train_loss: 0.2282 | val_loss: 0.2500 | val_dice: 0.7674
Epoch 43/100 | train_loss: 0.2312 | val_loss: 0.2453 | val_dice: 0.7756
Epoch 44/100 | train_loss: 0.2285 | val_loss: 0.2579 | val_dice: 0.7565
Epoch 45/100 | train_loss: 0.2254 | val_loss: 0.2459 | val_dice: 0.7743
Epoch 46/100 | train_loss: 0.2250 | val_loss: 0.2467 | val_dice: 0.7777
New best! Saved (val_dice: 0.7777)
Epoch 47/100 | train_loss: 0.2219 | val_loss: 0.2447 | val_dice: 0.7748
Epoch 48/100 | train_loss: 0.2201 | val_loss: 0.2444 | val_dice: 0.7786
New best! Saved (val_dice: 0.7786)
Epoch 49/100 | train_loss: 0.2193 | val_loss: 0.2542 | val_dice: 0.7606
Epoch 50/100 | train_loss: 0.2210 | val_loss: 0.2480 | val_dice: 0.7696
Epoch 51/100 | train_loss: 0.2203 | val_loss: 0.2442 | val_dice: 0.7793
New best! Saved (val_dice: 0.7793)
Epoch 52/100 | train_loss: 0.2203 | val_loss: 0.2436 | val_dice: 0.7789
Epoch 53/100 | train_loss: 0.2226 | val_loss: 0.2490 | val_dice: 0.7692
Epoch 54/100 | train_loss: 0.2140 | val_loss: 0.2525 | val_dice: 0.7644
Epoch 55/100 | train_loss: 0.2227 | val_loss: 0.2455 | val_dice: 0.7756
Epoch 56/100 | train_loss: 0.2128 | val_loss: 0.2575 | val_dice: 0.7550
Epoch 57/100 | train_loss: 0.2137 | val_loss: 0.2447 | val_dice: 0.7779
Epoch 58/100 | train_loss: 0.2136 | val_loss: 0.2435 | val_dice: 0.7800
New best! Saved (val_dice: 0.7800)
Epoch 59/100 | train_loss: 0.2108 | val_loss: 0.2496 | val_dice: 0.7761
Epoch 60/100 | train_loss: 0.2143 | val_loss: 0.2452 | val_dice: 0.7759
Epoch 61/100 | train_loss: 0.2091 | val_loss: 0.2443 | val_dice: 0.7771
Epoch 62/100 | train_loss: 0.2077 | val_loss: 0.2421 | val_dice: 0.7767
Epoch 63/100 | train_loss: 0.2103 | val_loss: 0.2436 | val_dice: 0.7789
Epoch 64/100 | train_loss: 0.2077 | val_loss: 0.2558 | val_dice: 0.7716
Epoch 65/100 | train_loss: 0.2092 | val_loss: 0.2507 | val_dice: 0.7666
Epoch 66/100 | train_loss: 0.2064 | val_loss: 0.2512 | val_dice: 0.7710
Epoch 67/100 | train_loss: 0.2041 | val_loss: 0.2457 | val_dice: 0.7766
Epoch 68/100 | train_loss: 0.2079 | val_loss: 0.2440 | val_dice: 0.7774
Early stopping at epoch 68
Saved training curve to /users/egottfri/code/octa-segmentation/results/rose1_ablation/raw/res_unet/training_curve_fold4.png
Fold 4 best Dice: 0.7800

==================================================
FOLD 5/5
==================================================
Epoch 1/100 | train_loss: 0.6507 | val_loss: 0.6970 | val_dice: 0.0000
New best! Saved (val_dice: 0.0000)
Epoch 2/100 | train_loss: 0.5280 | val_loss: 0.6627 | val_dice: 0.0000
New best! Saved (val_dice: 0.0000)
Epoch 3/100 | train_loss: 0.4708 | val_loss: 0.6083 | val_dice: 0.0006
New best! Saved (val_dice: 0.0006)
Epoch 4/100 | train_loss: 0.4231 | val_loss: 0.5844 | val_dice: 0.0039
New best! Saved (val_dice: 0.0039)
Epoch 5/100 | train_loss: 0.3818 | val_loss: 0.5777 | val_dice: 0.0525
New best! Saved (val_dice: 0.0525)
Epoch 6/100 | train_loss: 0.3435 | val_loss: 0.6734 | val_dice: 0.0484
Epoch 7/100 | train_loss: 0.3257 | val_loss: 0.3587 | val_dice: 0.6564
New best! Saved (val_dice: 0.6564)
Epoch 8/100 | train_loss: 0.3064 | val_loss: 0.3637 | val_dice: 0.6248
Epoch 9/100 | train_loss: 0.2938 | val_loss: 0.3285 | val_dice: 0.6752
New best! Saved (val_dice: 0.6752)
Epoch 10/100 | train_loss: 0.2870 | val_loss: 0.2936 | val_dice: 0.7220
New best! Saved (val_dice: 0.7220)
Epoch 11/100 | train_loss: 0.2778 | val_loss: 0.2855 | val_dice: 0.7299
New best! Saved (val_dice: 0.7299)
Epoch 12/100 | train_loss: 0.2678 | val_loss: 0.2705 | val_dice: 0.7549
New best! Saved (val_dice: 0.7549)
Epoch 13/100 | train_loss: 0.2662 | val_loss: 0.2697 | val_dice: 0.7612
New best! Saved (val_dice: 0.7612)
Epoch 14/100 | train_loss: 0.2640 | val_loss: 0.2607 | val_dice: 0.7634
New best! Saved (val_dice: 0.7634)
Epoch 15/100 | train_loss: 0.2605 | val_loss: 0.2590 | val_dice: 0.7681
New best! Saved (val_dice: 0.7681)
Epoch 16/100 | train_loss: 0.2598 | val_loss: 0.2576 | val_dice: 0.7697
New best! Saved (val_dice: 0.7697)
Epoch 17/100 | train_loss: 0.2585 | val_loss: 0.2595 | val_dice: 0.7688
Epoch 18/100 | train_loss: 0.2533 | val_loss: 0.2543 | val_dice: 0.7684
Epoch 19/100 | train_loss: 0.2506 | val_loss: 0.2542 | val_dice: 0.7730
New best! Saved (val_dice: 0.7730)
Epoch 20/100 | train_loss: 0.2485 | val_loss: 0.2550 | val_dice: 0.7661
Epoch 21/100 | train_loss: 0.2508 | val_loss: 0.2534 | val_dice: 0.7752
New best! Saved (val_dice: 0.7752)
Epoch 22/100 | train_loss: 0.2480 | val_loss: 0.2602 | val_dice: 0.7567
Epoch 23/100 | train_loss: 0.2473 | val_loss: 0.2476 | val_dice: 0.7767
New best! Saved (val_dice: 0.7767)
Epoch 24/100 | train_loss: 0.2455 | val_loss: 0.2481 | val_dice: 0.7782
New best! Saved (val_dice: 0.7782)
Epoch 25/100 | train_loss: 0.2484 | val_loss: 0.2520 | val_dice: 0.7770
Epoch 26/100 | train_loss: 0.2453 | val_loss: 0.2484 | val_dice: 0.7737
Epoch 27/100 | train_loss: 0.2419 | val_loss: 0.2459 | val_dice: 0.7792
New best! Saved (val_dice: 0.7792)
Epoch 28/100 | train_loss: 0.2413 | val_loss: 0.2470 | val_dice: 0.7813
New best! Saved (val_dice: 0.7813)
Epoch 29/100 | train_loss: 0.2413 | val_loss: 0.2470 | val_dice: 0.7756
Epoch 30/100 | train_loss: 0.2358 | val_loss: 0.2473 | val_dice: 0.7755
Epoch 31/100 | train_loss: 0.2335 | val_loss: 0.2444 | val_dice: 0.7788
Epoch 32/100 | train_loss: 0.2321 | val_loss: 0.2447 | val_dice: 0.7828
New best! Saved (val_dice: 0.7828)
Epoch 33/100 | train_loss: 0.2332 | val_loss: 0.2432 | val_dice: 0.7827
Epoch 34/100 | train_loss: 0.2305 | val_loss: 0.2438 | val_dice: 0.7793
Epoch 35/100 | train_loss: 0.2366 | val_loss: 0.2496 | val_dice: 0.7713
Epoch 36/100 | train_loss: 0.2314 | val_loss: 0.2456 | val_dice: 0.7741
Epoch 37/100 | train_loss: 0.2271 | val_loss: 0.2424 | val_dice: 0.7789
Epoch 38/100 | train_loss: 0.2279 | val_loss: 0.2433 | val_dice: 0.7771
Epoch 39/100 | train_loss: 0.2263 | val_loss: 0.2440 | val_dice: 0.7796
Epoch 40/100 | train_loss: 0.2232 | val_loss: 0.2425 | val_dice: 0.7830
New best! Saved (val_dice: 0.7830)
Epoch 41/100 | train_loss: 0.2315 | val_loss: 0.2421 | val_dice: 0.7843
New best! Saved (val_dice: 0.7843)
Epoch 42/100 | train_loss: 0.2217 | val_loss: 0.2489 | val_dice: 0.7763
Epoch 43/100 | train_loss: 0.2258 | val_loss: 0.2494 | val_dice: 0.7797
Epoch 44/100 | train_loss: 0.2253 | val_loss: 0.2418 | val_dice: 0.7833
Epoch 45/100 | train_loss: 0.2247 | val_loss: 0.2475 | val_dice: 0.7714
Epoch 46/100 | train_loss: 0.2209 | val_loss: 0.2388 | val_dice: 0.7876
New best! Saved (val_dice: 0.7876)
Epoch 47/100 | train_loss: 0.2223 | val_loss: 0.2418 | val_dice: 0.7847
Epoch 48/100 | train_loss: 0.2195 | val_loss: 0.2408 | val_dice: 0.7836
Epoch 49/100 | train_loss: 0.2207 | val_loss: 0.2404 | val_dice: 0.7852
Epoch 50/100 | train_loss: 0.2139 | val_loss: 0.2431 | val_dice: 0.7822
Epoch 51/100 | train_loss: 0.2194 | val_loss: 0.2445 | val_dice: 0.7765
Epoch 52/100 | train_loss: 0.2129 | val_loss: 0.2431 | val_dice: 0.7807
Epoch 53/100 | train_loss: 0.2142 | val_loss: 0.2391 | val_dice: 0.7870
Epoch 54/100 | train_loss: 0.2102 | val_loss: 0.2401 | val_dice: 0.7848
Epoch 55/100 | train_loss: 0.2079 | val_loss: 0.2397 | val_dice: 0.7822
Epoch 56/100 | train_loss: 0.2072 | val_loss: 0.2425 | val_dice: 0.7823
Early stopping at epoch 56
Saved training curve to /users/egottfri/code/octa-segmentation/results/rose1_ablation/raw/res_unet/training_curve_fold5.png
Fold 5 best Dice: 0.7876

==================================================
K-FOLD RESULTS: 0.7893 ± 0.0070
Individual folds: ['0.7960', '0.7843', '0.7985', '0.7800', '0.7876']
==================================================
[train] raw / se_unet

==================================================
FOLD 1/5
==================================================
Epoch 1/100 | train_loss: 0.6529 | val_loss: 0.7003 | val_dice: 0.0000
New best! Saved (val_dice: 0.0000)
Epoch 2/100 | train_loss: 0.5923 | val_loss: 0.6838 | val_dice: 0.0000
Epoch 3/100 | train_loss: 0.5611 | val_loss: 0.6598 | val_dice: 0.0000
New best! Saved (val_dice: 0.0000)
Epoch 4/100 | train_loss: 0.5464 | val_loss: 0.6256 | val_dice: 0.0989
New best! Saved (val_dice: 0.0989)
Epoch 5/100 | train_loss: 0.5301 | val_loss: 0.5868 | val_dice: 0.3952
New best! Saved (val_dice: 0.3952)
Epoch 6/100 | train_loss: 0.5183 | val_loss: 0.5469 | val_dice: 0.5646
New best! Saved (val_dice: 0.5646)
Epoch 7/100 | train_loss: 0.5119 | val_loss: 0.5157 | val_dice: 0.7213
New best! Saved (val_dice: 0.7213)
Epoch 8/100 | train_loss: 0.5039 | val_loss: 0.4836 | val_dice: 0.7269
New best! Saved (val_dice: 0.7269)
Epoch 9/100 | train_loss: 0.4963 | val_loss: 0.4799 | val_dice: 0.7435
New best! Saved (val_dice: 0.7435)
Epoch 10/100 | train_loss: 0.4916 | val_loss: 0.4727 | val_dice: 0.7371
Epoch 11/100 | train_loss: 0.4881 | val_loss: 0.4820 | val_dice: 0.7358
Epoch 12/100 | train_loss: 0.4831 | val_loss: 0.4641 | val_dice: 0.7427
Epoch 13/100 | train_loss: 0.4789 | val_loss: 0.4719 | val_dice: 0.7372
Epoch 14/100 | train_loss: 0.4775 | val_loss: 0.4735 | val_dice: 0.7431
Epoch 15/100 | train_loss: 0.4730 | val_loss: 0.4607 | val_dice: 0.7551
New best! Saved (val_dice: 0.7551)
Epoch 16/100 | train_loss: 0.4702 | val_loss: 0.4693 | val_dice: 0.7496
Epoch 17/100 | train_loss: 0.4663 | val_loss: 0.4608 | val_dice: 0.7518
Epoch 18/100 | train_loss: 0.4640 | val_loss: 0.4675 | val_dice: 0.7522
Epoch 19/100 | train_loss: 0.4616 | val_loss: 0.4524 | val_dice: 0.7623
New best! Saved (val_dice: 0.7623)
Epoch 20/100 | train_loss: 0.4571 | val_loss: 0.4538 | val_dice: 0.7656
New best! Saved (val_dice: 0.7656)
Epoch 21/100 | train_loss: 0.4550 | val_loss: 0.4453 | val_dice: 0.7612
Epoch 22/100 | train_loss: 0.4530 | val_loss: 0.4551 | val_dice: 0.7546
Epoch 23/100 | train_loss: 0.4495 | val_loss: 0.4432 | val_dice: 0.7685
New best! Saved (val_dice: 0.7685)
Epoch 24/100 | train_loss: 0.4471 | val_loss: 0.4321 | val_dice: 0.7818
New best! Saved (val_dice: 0.7818)
Epoch 25/100 | train_loss: 0.4454 | val_loss: 0.4394 | val_dice: 0.7656
Epoch 26/100 | train_loss: 0.4412 | val_loss: 0.4404 | val_dice: 0.7750
Epoch 27/100 | train_loss: 0.4399 | val_loss: 0.4417 | val_dice: 0.7720
Epoch 28/100 | train_loss: 0.4362 | val_loss: 0.4334 | val_dice: 0.7720
Epoch 29/100 | train_loss: 0.4357 | val_loss: 0.4354 | val_dice: 0.7635
Epoch 30/100 | train_loss: 0.4323 | val_loss: 0.4325 | val_dice: 0.7572
Epoch 31/100 | train_loss: 0.4310 | val_loss: 0.4272 | val_dice: 0.7711
Epoch 32/100 | train_loss: 0.4273 | val_loss: 0.4162 | val_dice: 0.7795
Epoch 33/100 | train_loss: 0.4242 | val_loss: 0.4371 | val_dice: 0.7587
Epoch 34/100 | train_loss: 0.4248 | val_loss: 0.4408 | val_dice: 0.7551
Early stopping at epoch 34
Saved training curve to /users/egottfri/code/octa-segmentation/results/rose1_ablation/raw/se_unet/training_curve_fold1.png
Fold 1 best Dice: 0.7818

==================================================
FOLD 2/5
==================================================
Epoch 1/100 | train_loss: 0.6607 | val_loss: 0.6845 | val_dice: 0.0000
New best! Saved (val_dice: 0.0000)
Epoch 2/100 | train_loss: 0.5961 | val_loss: 0.6754 | val_dice: 0.0000
Epoch 3/100 | train_loss: 0.5603 | val_loss: 0.6610 | val_dice: 0.0000
Epoch 4/100 | train_loss: 0.5414 | val_loss: 0.6407 | val_dice: 0.0306
New best! Saved (val_dice: 0.0306)
Epoch 5/100 | train_loss: 0.5314 | val_loss: 0.6065 | val_dice: 0.3264
New best! Saved (val_dice: 0.3264)
Epoch 6/100 | train_loss: 0.5215 | val_loss: 0.5592 | val_dice: 0.5496
New best! Saved (val_dice: 0.5496)
Epoch 7/100 | train_loss: 0.5158 | val_loss: 0.5185 | val_dice: 0.6838
New best! Saved (val_dice: 0.6838)
Epoch 8/100 | train_loss: 0.5103 | val_loss: 0.5009 | val_dice: 0.7193
New best! Saved (val_dice: 0.7193)
Epoch 9/100 | train_loss: 0.5054 | val_loss: 0.5037 | val_dice: 0.7074
Epoch 10/100 | train_loss: 0.5016 | val_loss: 0.4935 | val_dice: 0.7166
Epoch 11/100 | train_loss: 0.4948 | val_loss: 0.4935 | val_dice: 0.7063
Epoch 12/100 | train_loss: 0.4907 | val_loss: 0.4920 | val_dice: 0.7145
Epoch 13/100 | train_loss: 0.4882 | val_loss: 0.4854 | val_dice: 0.7292
New best! Saved (val_dice: 0.7292)
Epoch 14/100 | train_loss: 0.4843 | val_loss: 0.4836 | val_dice: 0.7275
Epoch 15/100 | train_loss: 0.4801 | val_loss: 0.4842 | val_dice: 0.7264
Epoch 16/100 | train_loss: 0.4778 | val_loss: 0.4793 | val_dice: 0.7373
New best! Saved (val_dice: 0.7373)
Epoch 17/100 | train_loss: 0.4755 | val_loss: 0.4841 | val_dice: 0.7196
Epoch 18/100 | train_loss: 0.4717 | val_loss: 0.4783 | val_dice: 0.7418
New best! Saved (val_dice: 0.7418)
Epoch 19/100 | train_loss: 0.4685 | val_loss: 0.4748 | val_dice: 0.7431
New best! Saved (val_dice: 0.7431)
Epoch 20/100 | train_loss: 0.4656 | val_loss: 0.4733 | val_dice: 0.7455
New best! Saved (val_dice: 0.7455)
Epoch 21/100 | train_loss: 0.4629 | val_loss: 0.4722 | val_dice: 0.7480
New best! Saved (val_dice: 0.7480)
Epoch 22/100 | train_loss: 0.4605 | val_loss: 0.4627 | val_dice: 0.7560
New best! Saved (val_dice: 0.7560)
Epoch 23/100 | train_loss: 0.4587 | val_loss: 0.4594 | val_dice: 0.7586
New best! Saved (val_dice: 0.7586)
Epoch 24/100 | train_loss: 0.4561 | val_loss: 0.4643 | val_dice: 0.7567
Epoch 25/100 | train_loss: 0.4517 | val_loss: 0.4710 | val_dice: 0.7406
Epoch 26/100 | train_loss: 0.4492 | val_loss: 0.4556 | val_dice: 0.7547
Epoch 27/100 | train_loss: 0.4491 | val_loss: 0.4671 | val_dice: 0.7488
Epoch 28/100 | train_loss: 0.4453 | val_loss: 0.4522 | val_dice: 0.7546
Epoch 29/100 | train_loss: 0.4423 | val_loss: 0.4559 | val_dice: 0.7547
Epoch 30/100 | train_loss: 0.4391 | val_loss: 0.4584 | val_dice: 0.7429
Epoch 31/100 | train_loss: 0.4372 | val_loss: 0.4417 | val_dice: 0.7600
New best! Saved (val_dice: 0.7600)
Epoch 32/100 | train_loss: 0.4390 | val_loss: 0.4406 | val_dice: 0.7635
New best! Saved (val_dice: 0.7635)
Epoch 33/100 | train_loss: 0.4342 | val_loss: 0.4492 | val_dice: 0.7567
Epoch 34/100 | train_loss: 0.4307 | val_loss: 0.4481 | val_dice: 0.7544
Epoch 35/100 | train_loss: 0.4288 | val_loss: 0.4440 | val_dice: 0.7582
Epoch 36/100 | train_loss: 0.4263 | val_loss: 0.4308 | val_dice: 0.7653
New best! Saved (val_dice: 0.7653)
Epoch 37/100 | train_loss: 0.4233 | val_loss: 0.4448 | val_dice: 0.7541
Epoch 38/100 | train_loss: 0.4210 | val_loss: 0.4331 | val_dice: 0.7694
New best! Saved (val_dice: 0.7694)
Epoch 39/100 | train_loss: 0.4195 | val_loss: 0.4318 | val_dice: 0.7691
Epoch 40/100 | train_loss: 0.4165 | val_loss: 0.4345 | val_dice: 0.7663
Epoch 41/100 | train_loss: 0.4170 | val_loss: 0.4192 | val_dice: 0.7715
New best! Saved (val_dice: 0.7715)
Epoch 42/100 | train_loss: 0.4137 | val_loss: 0.4250 | val_dice: 0.7698
Epoch 43/100 | train_loss: 0.4109 | val_loss: 0.4198 | val_dice: 0.7657
Epoch 44/100 | train_loss: 0.4047 | val_loss: 0.4268 | val_dice: 0.7651
Epoch 45/100 | train_loss: 0.4054 | val_loss: 0.4156 | val_dice: 0.7712
Epoch 46/100 | train_loss: 0.4033 | val_loss: 0.4132 | val_dice: 0.7677
Epoch 47/100 | train_loss: 0.3996 | val_loss: 0.4394 | val_dice: 0.7489
Epoch 48/100 | train_loss: 0.3949 | val_loss: 0.4156 | val_dice: 0.7643
Epoch 49/100 | train_loss: 0.3937 | val_loss: 0.4291 | val_dice: 0.7636
Epoch 50/100 | train_loss: 0.3898 | val_loss: 0.4182 | val_dice: 0.7699
Epoch 51/100 | train_loss: 0.3927 | val_loss: 0.4107 | val_dice: 0.7742
New best! Saved (val_dice: 0.7742)
Epoch 52/100 | train_loss: 0.3849 | val_loss: 0.4077 | val_dice: 0.7739
Epoch 53/100 | train_loss: 0.3853 | val_loss: 0.4057 | val_dice: 0.7724
Epoch 54/100 | train_loss: 0.3829 | val_loss: 0.4053 | val_dice: 0.7722
Epoch 55/100 | train_loss: 0.3817 | val_loss: 0.4062 | val_dice: 0.7715
Epoch 56/100 | train_loss: 0.3774 | val_loss: 0.3988 | val_dice: 0.7720
Epoch 57/100 | train_loss: 0.3772 | val_loss: 0.4287 | val_dice: 0.7573
Epoch 58/100 | train_loss: 0.3720 | val_loss: 0.4137 | val_dice: 0.7656
Epoch 59/100 | train_loss: 0.3710 | val_loss: 0.3923 | val_dice: 0.7738
Epoch 60/100 | train_loss: 0.3706 | val_loss: 0.3907 | val_dice: 0.7762
New best! Saved (val_dice: 0.7762)
Epoch 61/100 | train_loss: 0.3715 | val_loss: 0.4100 | val_dice: 0.7601
Epoch 62/100 | train_loss: 0.3670 | val_loss: 0.4099 | val_dice: 0.7669
Epoch 63/100 | train_loss: 0.3600 | val_loss: 0.4387 | val_dice: 0.7491
Epoch 64/100 | train_loss: 0.3634 | val_loss: 0.4118 | val_dice: 0.7616
Epoch 65/100 | train_loss: 0.3596 | val_loss: 0.3811 | val_dice: 0.7731
Epoch 66/100 | train_loss: 0.3572 | val_loss: 0.4144 | val_dice: 0.7541
Epoch 67/100 | train_loss: 0.3569 | val_loss: 0.3813 | val_dice: 0.7707
Epoch 68/100 | train_loss: 0.3524 | val_loss: 0.3771 | val_dice: 0.7692
Epoch 69/100 | train_loss: 0.3518 | val_loss: 0.4027 | val_dice: 0.7649
Epoch 70/100 | train_loss: 0.3473 | val_loss: 0.3807 | val_dice: 0.7720
Early stopping at epoch 70
Saved training curve to /users/egottfri/code/octa-segmentation/results/rose1_ablation/raw/se_unet/training_curve_fold2.png
Fold 2 best Dice: 0.7762

==================================================
FOLD 3/5
==================================================
Epoch 1/100 | train_loss: 0.6390 | val_loss: 0.6841 | val_dice: 0.0000
New best! Saved (val_dice: 0.0000)
Epoch 2/100 | train_loss: 0.5717 | val_loss: 0.6714 | val_dice: 0.0000
Epoch 3/100 | train_loss: 0.5424 | val_loss: 0.6538 | val_dice: 0.0000
Epoch 4/100 | train_loss: 0.5249 | val_loss: 0.6262 | val_dice: 0.0027
New best! Saved (val_dice: 0.0027)
Epoch 5/100 | train_loss: 0.5156 | val_loss: 0.5904 | val_dice: 0.1968
New best! Saved (val_dice: 0.1968)
Epoch 6/100 | train_loss: 0.5062 | val_loss: 0.5425 | val_dice: 0.5182
New best! Saved (val_dice: 0.5182)
Epoch 7/100 | train_loss: 0.4996 | val_loss: 0.4911 | val_dice: 0.6683
New best! Saved (val_dice: 0.6683)
Epoch 8/100 | train_loss: 0.4919 | val_loss: 0.4776 | val_dice: 0.7324
New best! Saved (val_dice: 0.7324)
Epoch 9/100 | train_loss: 0.4870 | val_loss: 0.4700 | val_dice: 0.7446
New best! Saved (val_dice: 0.7446)
Epoch 10/100 | train_loss: 0.4818 | val_loss: 0.4622 | val_dice: 0.7559
New best! Saved (val_dice: 0.7559)
Epoch 11/100 | train_loss: 0.4780 | val_loss: 0.4631 | val_dice: 0.7635
New best! Saved (val_dice: 0.7635)
Epoch 12/100 | train_loss: 0.4752 | val_loss: 0.4667 | val_dice: 0.7528
Epoch 13/100 | train_loss: 0.4702 | val_loss: 0.4725 | val_dice: 0.7493
Epoch 14/100 | train_loss: 0.4651 | val_loss: 0.4597 | val_dice: 0.7676
New best! Saved (val_dice: 0.7676)
Epoch 15/100 | train_loss: 0.4630 | val_loss: 0.4569 | val_dice: 0.7619
Epoch 16/100 | train_loss: 0.4587 | val_loss: 0.4459 | val_dice: 0.7727
New best! Saved (val_dice: 0.7727)
Epoch 17/100 | train_loss: 0.4567 | val_loss: 0.4545 | val_dice: 0.7597
Epoch 18/100 | train_loss: 0.4538 | val_loss: 0.4380 | val_dice: 0.7791
New best! Saved (val_dice: 0.7791)
Epoch 19/100 | train_loss: 0.4498 | val_loss: 0.4437 | val_dice: 0.7766
Epoch 20/100 | train_loss: 0.4465 | val_loss: 0.4368 | val_dice: 0.7745
Epoch 21/100 | train_loss: 0.4462 | val_loss: 0.4353 | val_dice: 0.7825
New best! Saved (val_dice: 0.7825)
Epoch 22/100 | train_loss: 0.4423 | val_loss: 0.4305 | val_dice: 0.7827
New best! Saved (val_dice: 0.7827)
Epoch 23/100 | train_loss: 0.4407 | val_loss: 0.4308 | val_dice: 0.7866
New best! Saved (val_dice: 0.7866)
Epoch 24/100 | train_loss: 0.4369 | val_loss: 0.4253 | val_dice: 0.7822
Epoch 25/100 | train_loss: 0.4337 | val_loss: 0.4391 | val_dice: 0.7787
Epoch 26/100 | train_loss: 0.4306 | val_loss: 0.4275 | val_dice: 0.7831
Epoch 27/100 | train_loss: 0.4284 | val_loss: 0.4210 | val_dice: 0.7871
New best! Saved (val_dice: 0.7871)
Epoch 28/100 | train_loss: 0.4263 | val_loss: 0.4213 | val_dice: 0.7837
Epoch 29/100 | train_loss: 0.4238 | val_loss: 0.4160 | val_dice: 0.7845
Epoch 30/100 | train_loss: 0.4212 | val_loss: 0.4153 | val_dice: 0.7881
New best! Saved (val_dice: 0.7881)
Epoch 31/100 | train_loss: 0.4163 | val_loss: 0.4139 | val_dice: 0.7860
Epoch 32/100 | train_loss: 0.4149 | val_loss: 0.4084 | val_dice: 0.7903
New best! Saved (val_dice: 0.7903)
Epoch 33/100 | train_loss: 0.4146 | val_loss: 0.4073 | val_dice: 0.7887
Epoch 34/100 | train_loss: 0.4107 | val_loss: 0.4071 | val_dice: 0.7873
Epoch 35/100 | train_loss: 0.4078 | val_loss: 0.4050 | val_dice: 0.7880
Epoch 36/100 | train_loss: 0.4054 | val_loss: 0.4061 | val_dice: 0.7839
Epoch 37/100 | train_loss: 0.4031 | val_loss: 0.4054 | val_dice: 0.7900
Epoch 38/100 | train_loss: 0.4022 | val_loss: 0.4031 | val_dice: 0.7894
Epoch 39/100 | train_loss: 0.3981 | val_loss: 0.4039 | val_dice: 0.7835
Epoch 40/100 | train_loss: 0.3937 | val_loss: 0.3971 | val_dice: 0.7902
Epoch 41/100 | train_loss: 0.3954 | val_loss: 0.3941 | val_dice: 0.7854
Epoch 42/100 | train_loss: 0.3878 | val_loss: 0.3937 | val_dice: 0.7877
Early stopping at epoch 42
Saved training curve to /users/egottfri/code/octa-segmentation/results/rose1_ablation/raw/se_unet/training_curve_fold3.png
Fold 3 best Dice: 0.7903

==================================================
FOLD 4/5
==================================================
Epoch 1/100 | train_loss: 0.6716 | val_loss: 0.7042 | val_dice: 0.0000
New best! Saved (val_dice: 0.0000)
Epoch 2/100 | train_loss: 0.5981 | val_loss: 0.6923 | val_dice: 0.0000
Epoch 3/100 | train_loss: 0.5638 | val_loss: 0.6727 | val_dice: 0.0388
New best! Saved (val_dice: 0.0388)
Epoch 4/100 | train_loss: 0.5436 | val_loss: 0.6430 | val_dice: 0.2657
New best! Saved (val_dice: 0.2657)
Epoch 5/100 | train_loss: 0.5334 | val_loss: 0.6034 | val_dice: 0.4037
New best! Saved (val_dice: 0.4037)
Epoch 6/100 | train_loss: 0.5238 | val_loss: 0.5594 | val_dice: 0.5976
New best! Saved (val_dice: 0.5976)
Epoch 7/100 | train_loss: 0.5154 | val_loss: 0.5260 | val_dice: 0.6630
New best! Saved (val_dice: 0.6630)
Epoch 8/100 | train_loss: 0.5092 | val_loss: 0.5003 | val_dice: 0.7121
New best! Saved (val_dice: 0.7121)
Epoch 9/100 | train_loss: 0.5037 | val_loss: 0.5033 | val_dice: 0.7223
New best! Saved (val_dice: 0.7223)
Epoch 10/100 | train_loss: 0.4987 | val_loss: 0.5029 | val_dice: 0.6907
Epoch 11/100 | train_loss: 0.4927 | val_loss: 0.5066 | val_dice: 0.6955
Epoch 12/100 | train_loss: 0.4907 | val_loss: 0.4968 | val_dice: 0.7237
New best! Saved (val_dice: 0.7237)
Epoch 13/100 | train_loss: 0.4856 | val_loss: 0.4869 | val_dice: 0.7290
New best! Saved (val_dice: 0.7290)
Epoch 14/100 | train_loss: 0.4813 | val_loss: 0.4889 | val_dice: 0.7221
Epoch 15/100 | train_loss: 0.4775 | val_loss: 0.4876 | val_dice: 0.7256
Epoch 16/100 | train_loss: 0.4770 | val_loss: 0.4861 | val_dice: 0.7418
New best! Saved (val_dice: 0.7418)
Epoch 17/100 | train_loss: 0.4725 | val_loss: 0.4801 | val_dice: 0.7381
Epoch 18/100 | train_loss: 0.4698 | val_loss: 0.4765 | val_dice: 0.7489
New best! Saved (val_dice: 0.7489)
Epoch 19/100 | train_loss: 0.4667 | val_loss: 0.4733 | val_dice: 0.7524
New best! Saved (val_dice: 0.7524)
Epoch 20/100 | train_loss: 0.4633 | val_loss: 0.4814 | val_dice: 0.7445
Epoch 21/100 | train_loss: 0.4613 | val_loss: 0.4692 | val_dice: 0.7481
Epoch 22/100 | train_loss: 0.4593 | val_loss: 0.4780 | val_dice: 0.7285
Epoch 23/100 | train_loss: 0.4547 | val_loss: 0.4698 | val_dice: 0.7428
Epoch 24/100 | train_loss: 0.4530 | val_loss: 0.4626 | val_dice: 0.7584
New best! Saved (val_dice: 0.7584)
Epoch 25/100 | train_loss: 0.4521 | val_loss: 0.4599 | val_dice: 0.7498
Epoch 26/100 | train_loss: 0.4481 | val_loss: 0.4520 | val_dice: 0.7584
New best! Saved (val_dice: 0.7584)
Epoch 27/100 | train_loss: 0.4448 | val_loss: 0.4598 | val_dice: 0.7505
Epoch 28/100 | train_loss: 0.4421 | val_loss: 0.4635 | val_dice: 0.7463
Epoch 29/100 | train_loss: 0.4393 | val_loss: 0.4460 | val_dice: 0.7675
New best! Saved (val_dice: 0.7675)
Epoch 30/100 | train_loss: 0.4369 | val_loss: 0.4435 | val_dice: 0.7631
Epoch 31/100 | train_loss: 0.4332 | val_loss: 0.4398 | val_dice: 0.7656
Epoch 32/100 | train_loss: 0.4304 | val_loss: 0.4366 | val_dice: 0.7679
New best! Saved (val_dice: 0.7679)
Epoch 33/100 | train_loss: 0.4271 | val_loss: 0.4394 | val_dice: 0.7662
Epoch 34/100 | train_loss: 0.4247 | val_loss: 0.4320 | val_dice: 0.7699
New best! Saved (val_dice: 0.7699)
Epoch 35/100 | train_loss: 0.4238 | val_loss: 0.4602 | val_dice: 0.7316
Epoch 36/100 | train_loss: 0.4207 | val_loss: 0.4448 | val_dice: 0.7531
Epoch 37/100 | train_loss: 0.4169 | val_loss: 0.4324 | val_dice: 0.7623
Epoch 38/100 | train_loss: 0.4176 | val_loss: 0.4274 | val_dice: 0.7647
Epoch 39/100 | train_loss: 0.4131 | val_loss: 0.4189 | val_dice: 0.7689
Epoch 40/100 | train_loss: 0.4087 | val_loss: 0.4274 | val_dice: 0.7637
Epoch 41/100 | train_loss: 0.4061 | val_loss: 0.4208 | val_dice: 0.7693
Epoch 42/100 | train_loss: 0.4055 | val_loss: 0.4222 | val_dice: 0.7717
New best! Saved (val_dice: 0.7717)
Epoch 43/100 | train_loss: 0.4005 | val_loss: 0.4176 | val_dice: 0.7666
Epoch 44/100 | train_loss: 0.3989 | val_loss: 0.4263 | val_dice: 0.7590
Epoch 45/100 | train_loss: 0.3964 | val_loss: 0.4181 | val_dice: 0.7666
Epoch 46/100 | train_loss: 0.3910 | val_loss: 0.4099 | val_dice: 0.7712
Epoch 47/100 | train_loss: 0.3892 | val_loss: 0.4052 | val_dice: 0.7719
New best! Saved (val_dice: 0.7719)
Epoch 48/100 | train_loss: 0.3864 | val_loss: 0.4173 | val_dice: 0.7622
Epoch 49/100 | train_loss: 0.3809 | val_loss: 0.4077 | val_dice: 0.7626
Epoch 50/100 | train_loss: 0.3800 | val_loss: 0.4051 | val_dice: 0.7722
New best! Saved (val_dice: 0.7722)
Epoch 51/100 | train_loss: 0.3808 | val_loss: 0.4098 | val_dice: 0.7653
Epoch 52/100 | train_loss: 0.3766 | val_loss: 0.3978 | val_dice: 0.7740
New best! Saved (val_dice: 0.7740)
Epoch 53/100 | train_loss: 0.3735 | val_loss: 0.3971 | val_dice: 0.7711
Epoch 54/100 | train_loss: 0.3654 | val_loss: 0.3989 | val_dice: 0.7639
Epoch 55/100 | train_loss: 0.3652 | val_loss: 0.3933 | val_dice: 0.7662
Epoch 56/100 | train_loss: 0.3659 | val_loss: 0.4027 | val_dice: 0.7564
Epoch 57/100 | train_loss: 0.3630 | val_loss: 0.4069 | val_dice: 0.7510
Epoch 58/100 | train_loss: 0.3551 | val_loss: 0.4069 | val_dice: 0.7540
Epoch 59/100 | train_loss: 0.3540 | val_loss: 0.3915 | val_dice: 0.7670
Epoch 60/100 | train_loss: 0.3507 | val_loss: 0.3868 | val_dice: 0.7701
Epoch 61/100 | train_loss: 0.3501 | val_loss: 0.3797 | val_dice: 0.7724
Epoch 62/100 | train_loss: 0.3515 | val_loss: 0.3759 | val_dice: 0.7697
Early stopping at epoch 62
Saved training curve to /users/egottfri/code/octa-segmentation/results/rose1_ablation/raw/se_unet/training_curve_fold4.png
Fold 4 best Dice: 0.7740

==================================================
FOLD 5/5
==================================================
Epoch 1/100 | train_loss: 0.6479 | val_loss: 0.6994 | val_dice: 0.0000
New best! Saved (val_dice: 0.0000)
Epoch 2/100 | train_loss: 0.5893 | val_loss: 0.6875 | val_dice: 0.0000
Epoch 3/100 | train_loss: 0.5613 | val_loss: 0.6693 | val_dice: 0.0000
Epoch 4/100 | train_loss: 0.5433 | val_loss: 0.6405 | val_dice: 0.0612
New best! Saved (val_dice: 0.0612)
Epoch 5/100 | train_loss: 0.5326 | val_loss: 0.6048 | val_dice: 0.3454
New best! Saved (val_dice: 0.3454)
Epoch 6/100 | train_loss: 0.5266 | val_loss: 0.5675 | val_dice: 0.4808
New best! Saved (val_dice: 0.4808)
Epoch 7/100 | train_loss: 0.5180 | val_loss: 0.5252 | val_dice: 0.6781
New best! Saved (val_dice: 0.6781)
Epoch 8/100 | train_loss: 0.5122 | val_loss: 0.5124 | val_dice: 0.7140
New best! Saved (val_dice: 0.7140)
Epoch 9/100 | train_loss: 0.5073 | val_loss: 0.4975 | val_dice: 0.7213
New best! Saved (val_dice: 0.7213)
Epoch 10/100 | train_loss: 0.5024 | val_loss: 0.4973 | val_dice: 0.7262
New best! Saved (val_dice: 0.7262)
Epoch 11/100 | train_loss: 0.4962 | val_loss: 0.5012 | val_dice: 0.7125
Epoch 12/100 | train_loss: 0.4911 | val_loss: 0.5003 | val_dice: 0.7151
Epoch 13/100 | train_loss: 0.4890 | val_loss: 0.4977 | val_dice: 0.7206
Epoch 14/100 | train_loss: 0.4847 | val_loss: 0.4969 | val_dice: 0.7208
Epoch 15/100 | train_loss: 0.4822 | val_loss: 0.4948 | val_dice: 0.7314
New best! Saved (val_dice: 0.7314)
Epoch 16/100 | train_loss: 0.4800 | val_loss: 0.4863 | val_dice: 0.7543
New best! Saved (val_dice: 0.7543)
Epoch 17/100 | train_loss: 0.4772 | val_loss: 0.4865 | val_dice: 0.7351
Epoch 18/100 | train_loss: 0.4737 | val_loss: 0.4848 | val_dice: 0.7359
Epoch 19/100 | train_loss: 0.4727 | val_loss: 0.4716 | val_dice: 0.7495
Epoch 20/100 | train_loss: 0.4686 | val_loss: 0.4705 | val_dice: 0.7427
Epoch 21/100 | train_loss: 0.4652 | val_loss: 0.4680 | val_dice: 0.7489
Epoch 22/100 | train_loss: 0.4628 | val_loss: 0.4852 | val_dice: 0.7291
Epoch 23/100 | train_loss: 0.4607 | val_loss: 0.4752 | val_dice: 0.7417
Epoch 24/100 | train_loss: 0.4581 | val_loss: 0.4673 | val_dice: 0.7555
New best! Saved (val_dice: 0.7555)
Epoch 25/100 | train_loss: 0.4569 | val_loss: 0.4646 | val_dice: 0.7517
Epoch 26/100 | train_loss: 0.4548 | val_loss: 0.4590 | val_dice: 0.7558
New best! Saved (val_dice: 0.7558)
Epoch 27/100 | train_loss: 0.4519 | val_loss: 0.4719 | val_dice: 0.7339
Epoch 28/100 | train_loss: 0.4492 | val_loss: 0.4702 | val_dice: 0.7297
Epoch 29/100 | train_loss: 0.4468 | val_loss: 0.4538 | val_dice: 0.7542
Epoch 30/100 | train_loss: 0.4450 | val_loss: 0.4580 | val_dice: 0.7554
Epoch 31/100 | train_loss: 0.4420 | val_loss: 0.4466 | val_dice: 0.7666
New best! Saved (val_dice: 0.7666)
Epoch 32/100 | train_loss: 0.4390 | val_loss: 0.4534 | val_dice: 0.7542
Epoch 33/100 | train_loss: 0.4378 | val_loss: 0.4420 | val_dice: 0.7666
New best! Saved (val_dice: 0.7666)
Epoch 34/100 | train_loss: 0.4346 | val_loss: 0.4509 | val_dice: 0.7562
Epoch 35/100 | train_loss: 0.4333 | val_loss: 0.4470 | val_dice: 0.7566
Epoch 36/100 | train_loss: 0.4305 | val_loss: 0.4389 | val_dice: 0.7638
Epoch 37/100 | train_loss: 0.4275 | val_loss: 0.4320 | val_dice: 0.7697
New best! Saved (val_dice: 0.7697)
Epoch 38/100 | train_loss: 0.4244 | val_loss: 0.4341 | val_dice: 0.7686
Epoch 39/100 | train_loss: 0.4241 | val_loss: 0.4426 | val_dice: 0.7651
Epoch 40/100 | train_loss: 0.4208 | val_loss: 0.4274 | val_dice: 0.7694
Epoch 41/100 | train_loss: 0.4165 | val_loss: 0.4206 | val_dice: 0.7745
New best! Saved (val_dice: 0.7745)
Epoch 42/100 | train_loss: 0.4175 | val_loss: 0.4238 | val_dice: 0.7738
Epoch 43/100 | train_loss: 0.4146 | val_loss: 0.4344 | val_dice: 0.7697
Epoch 44/100 | train_loss: 0.4133 | val_loss: 0.4289 | val_dice: 0.7697
Epoch 45/100 | train_loss: 0.4108 | val_loss: 0.4302 | val_dice: 0.7641
Epoch 46/100 | train_loss: 0.4086 | val_loss: 0.4242 | val_dice: 0.7654
Epoch 47/100 | train_loss: 0.4051 | val_loss: 0.4205 | val_dice: 0.7679
Epoch 48/100 | train_loss: 0.4037 | val_loss: 0.4122 | val_dice: 0.7793
New best! Saved (val_dice: 0.7793)
Epoch 49/100 | train_loss: 0.4000 | val_loss: 0.4198 | val_dice: 0.7684
Epoch 50/100 | train_loss: 0.3967 | val_loss: 0.4118 | val_dice: 0.7744
Epoch 51/100 | train_loss: 0.3965 | val_loss: 0.4199 | val_dice: 0.7724
Epoch 52/100 | train_loss: 0.3945 | val_loss: 0.4194 | val_dice: 0.7698
Epoch 53/100 | train_loss: 0.3931 | val_loss: 0.4026 | val_dice: 0.7814
New best! Saved (val_dice: 0.7814)
Epoch 54/100 | train_loss: 0.3933 | val_loss: 0.4075 | val_dice: 0.7717
Epoch 55/100 | train_loss: 0.3881 | val_loss: 0.4016 | val_dice: 0.7800
Epoch 56/100 | train_loss: 0.3850 | val_loss: 0.3994 | val_dice: 0.7786
Epoch 57/100 | train_loss: 0.3853 | val_loss: 0.4012 | val_dice: 0.7763
Epoch 58/100 | train_loss: 0.3793 | val_loss: 0.4054 | val_dice: 0.7752
Epoch 59/100 | train_loss: 0.3804 | val_loss: 0.3953 | val_dice: 0.7812
Epoch 60/100 | train_loss: 0.3768 | val_loss: 0.4125 | val_dice: 0.7717
Epoch 61/100 | train_loss: 0.3734 | val_loss: 0.4000 | val_dice: 0.7803
Epoch 62/100 | train_loss: 0.3741 | val_loss: 0.3962 | val_dice: 0.7754
Epoch 63/100 | train_loss: 0.3725 | val_loss: 0.4121 | val_dice: 0.7624
Early stopping at epoch 63
Saved training curve to /users/egottfri/code/octa-segmentation/results/rose1_ablation/raw/se_unet/training_curve_fold5.png
Fold 5 best Dice: 0.7814

==================================================
K-FOLD RESULTS: 0.7807 ± 0.0056
Individual folds: ['0.7818', '0.7762', '0.7903', '0.7740', '0.7814']
==================================================
[train] raw / att_res_unet

==================================================
FOLD 1/5
==================================================
Epoch 1/100 | train_loss: 0.6319 | val_loss: 0.7060 | val_dice: 0.0000
New best! Saved (val_dice: 0.0000)
Epoch 2/100 | train_loss: 0.5334 | val_loss: 0.6866 | val_dice: 0.0000
Epoch 3/100 | train_loss: 0.4913 | val_loss: 0.6482 | val_dice: 0.0000
Epoch 4/100 | train_loss: 0.4572 | val_loss: 0.6039 | val_dice: 0.0053
New best! Saved (val_dice: 0.0053)
Epoch 5/100 | train_loss: 0.4342 | val_loss: 0.5496 | val_dice: 0.3396
New best! Saved (val_dice: 0.3396)
Epoch 6/100 | train_loss: 0.4161 | val_loss: 0.5003 | val_dice: 0.4644
New best! Saved (val_dice: 0.4644)
Epoch 7/100 | train_loss: 0.3939 | val_loss: 0.4408 | val_dice: 0.5613
New best! Saved (val_dice: 0.5613)
Epoch 8/100 | train_loss: 0.3780 | val_loss: 0.3910 | val_dice: 0.6941
New best! Saved (val_dice: 0.6941)
Epoch 9/100 | train_loss: 0.3480 | val_loss: 0.3628 | val_dice: 0.7319
New best! Saved (val_dice: 0.7319)
Epoch 10/100 | train_loss: 0.3214 | val_loss: 0.3805 | val_dice: 0.6252
Epoch 11/100 | train_loss: 0.3012 | val_loss: 0.3670 | val_dice: 0.6169
Epoch 12/100 | train_loss: 0.2863 | val_loss: 0.2938 | val_dice: 0.7687
New best! Saved (val_dice: 0.7687)
Epoch 13/100 | train_loss: 0.2823 | val_loss: 0.2723 | val_dice: 0.7705
New best! Saved (val_dice: 0.7705)
Epoch 14/100 | train_loss: 0.2736 | val_loss: 0.2739 | val_dice: 0.7420
Epoch 15/100 | train_loss: 0.2688 | val_loss: 0.2558 | val_dice: 0.7640
Epoch 16/100 | train_loss: 0.2639 | val_loss: 0.2623 | val_dice: 0.7676
Epoch 17/100 | train_loss: 0.2591 | val_loss: 0.2508 | val_dice: 0.7756
New best! Saved (val_dice: 0.7756)
Epoch 18/100 | train_loss: 0.2573 | val_loss: 0.2406 | val_dice: 0.7789
New best! Saved (val_dice: 0.7789)
Epoch 19/100 | train_loss: 0.2564 | val_loss: 0.2391 | val_dice: 0.7817
New best! Saved (val_dice: 0.7817)
Epoch 20/100 | train_loss: 0.2575 | val_loss: 0.2705 | val_dice: 0.7580
Epoch 21/100 | train_loss: 0.2530 | val_loss: 0.2359 | val_dice: 0.7847
New best! Saved (val_dice: 0.7847)
Epoch 22/100 | train_loss: 0.2492 | val_loss: 0.2369 | val_dice: 0.7822
Epoch 23/100 | train_loss: 0.2465 | val_loss: 0.2333 | val_dice: 0.7894
New best! Saved (val_dice: 0.7894)
Epoch 24/100 | train_loss: 0.2494 | val_loss: 0.2313 | val_dice: 0.7894
New best! Saved (val_dice: 0.7894)
Epoch 25/100 | train_loss: 0.2436 | val_loss: 0.2297 | val_dice: 0.7906
New best! Saved (val_dice: 0.7906)
Epoch 26/100 | train_loss: 0.2430 | val_loss: 0.2281 | val_dice: 0.7927
New best! Saved (val_dice: 0.7927)
Epoch 27/100 | train_loss: 0.2399 | val_loss: 0.2305 | val_dice: 0.7910
Epoch 28/100 | train_loss: 0.2397 | val_loss: 0.2340 | val_dice: 0.7836
Epoch 29/100 | train_loss: 0.2355 | val_loss: 0.2380 | val_dice: 0.7861
Epoch 30/100 | train_loss: 0.2357 | val_loss: 0.2349 | val_dice: 0.7827
Epoch 31/100 | train_loss: 0.2304 | val_loss: 0.2322 | val_dice: 0.7867
Epoch 32/100 | train_loss: 0.2339 | val_loss: 0.2294 | val_dice: 0.7910
Epoch 33/100 | train_loss: 0.2288 | val_loss: 0.2265 | val_dice: 0.7932
New best! Saved (val_dice: 0.7932)
Epoch 34/100 | train_loss: 0.2333 | val_loss: 0.2307 | val_dice: 0.7910
Epoch 35/100 | train_loss: 0.2245 | val_loss: 0.2316 | val_dice: 0.7876
Epoch 36/100 | train_loss: 0.2257 | val_loss: 0.2291 | val_dice: 0.7925
Epoch 37/100 | train_loss: 0.2264 | val_loss: 0.2370 | val_dice: 0.7880
Epoch 38/100 | train_loss: 0.2235 | val_loss: 0.2252 | val_dice: 0.7950
New best! Saved (val_dice: 0.7950)
Epoch 39/100 | train_loss: 0.2260 | val_loss: 0.2317 | val_dice: 0.7921
Epoch 40/100 | train_loss: 0.2215 | val_loss: 0.2289 | val_dice: 0.7896
Epoch 41/100 | train_loss: 0.2229 | val_loss: 0.2312 | val_dice: 0.7899
Epoch 42/100 | train_loss: 0.2226 | val_loss: 0.2260 | val_dice: 0.7932
Epoch 43/100 | train_loss: 0.2153 | val_loss: 0.2292 | val_dice: 0.7897
Epoch 44/100 | train_loss: 0.2144 | val_loss: 0.2270 | val_dice: 0.7931
Epoch 45/100 | train_loss: 0.2179 | val_loss: 0.2299 | val_dice: 0.7928
Epoch 46/100 | train_loss: 0.2118 | val_loss: 0.2367 | val_dice: 0.7866
Epoch 47/100 | train_loss: 0.2074 | val_loss: 0.2275 | val_dice: 0.7929
Epoch 48/100 | train_loss: 0.2099 | val_loss: 0.2276 | val_dice: 0.7912
Early stopping at epoch 48
Saved training curve to /users/egottfri/code/octa-segmentation/results/rose1_ablation/raw/att_res_unet/training_curve_fold1.png
Fold 1 best Dice: 0.7950

==================================================
FOLD 2/5
==================================================
Epoch 1/100 | train_loss: 0.6662 | val_loss: 0.6908 | val_dice: 0.0000
New best! Saved (val_dice: 0.0000)
Epoch 2/100 | train_loss: 0.5558 | val_loss: 0.6764 | val_dice: 0.0024
New best! Saved (val_dice: 0.0024)
Epoch 3/100 | train_loss: 0.5000 | val_loss: 0.6471 | val_dice: 0.0219
New best! Saved (val_dice: 0.0219)
Epoch 4/100 | train_loss: 0.4629 | val_loss: 0.6037 | val_dice: 0.1105
New best! Saved (val_dice: 0.1105)
Epoch 5/100 | train_loss: 0.4395 | val_loss: 0.5589 | val_dice: 0.2563
New best! Saved (val_dice: 0.2563)
Epoch 6/100 | train_loss: 0.4121 | val_loss: 0.4669 | val_dice: 0.5828
New best! Saved (val_dice: 0.5828)
Epoch 7/100 | train_loss: 0.3866 | val_loss: 0.4154 | val_dice: 0.6664
New best! Saved (val_dice: 0.6664)
Epoch 8/100 | train_loss: 0.3549 | val_loss: 0.4379 | val_dice: 0.5479
Epoch 9/100 | train_loss: 0.3259 | val_loss: 0.5231 | val_dice: 0.3008
Epoch 10/100 | train_loss: 0.3010 | val_loss: 0.3137 | val_dice: 0.7497
New best! Saved (val_dice: 0.7497)
Epoch 11/100 | train_loss: 0.2874 | val_loss: 0.3461 | val_dice: 0.6590
Epoch 12/100 | train_loss: 0.2754 | val_loss: 0.2944 | val_dice: 0.7338
Epoch 13/100 | train_loss: 0.2690 | val_loss: 0.2788 | val_dice: 0.7557
New best! Saved (val_dice: 0.7557)
Epoch 14/100 | train_loss: 0.2713 | val_loss: 0.2788 | val_dice: 0.7505
Epoch 15/100 | train_loss: 0.2606 | val_loss: 0.2689 | val_dice: 0.7681
New best! Saved (val_dice: 0.7681)
Epoch 16/100 | train_loss: 0.2553 | val_loss: 0.2622 | val_dice: 0.7719
New best! Saved (val_dice: 0.7719)
Epoch 17/100 | train_loss: 0.2499 | val_loss: 0.2697 | val_dice: 0.7652
Epoch 18/100 | train_loss: 0.2514 | val_loss: 0.2624 | val_dice: 0.7726
New best! Saved (val_dice: 0.7726)
Epoch 19/100 | train_loss: 0.2478 | val_loss: 0.2629 | val_dice: 0.7648
Epoch 20/100 | train_loss: 0.2463 | val_loss: 0.2580 | val_dice: 0.7769
New best! Saved (val_dice: 0.7769)
Epoch 21/100 | train_loss: 0.2453 | val_loss: 0.2592 | val_dice: 0.7743
Epoch 22/100 | train_loss: 0.2496 | val_loss: 0.2740 | val_dice: 0.7621
Epoch 23/100 | train_loss: 0.2438 | val_loss: 0.2635 | val_dice: 0.7697
Epoch 24/100 | train_loss: 0.2423 | val_loss: 0.2567 | val_dice: 0.7706
Epoch 25/100 | train_loss: 0.2439 | val_loss: 0.2526 | val_dice: 0.7790
New best! Saved (val_dice: 0.7790)
Epoch 26/100 | train_loss: 0.2450 | val_loss: 0.2536 | val_dice: 0.7792
New best! Saved (val_dice: 0.7792)
Epoch 27/100 | train_loss: 0.2386 | val_loss: 0.2515 | val_dice: 0.7774
Epoch 28/100 | train_loss: 0.2364 | val_loss: 0.2503 | val_dice: 0.7805
New best! Saved (val_dice: 0.7805)
Epoch 29/100 | train_loss: 0.2349 | val_loss: 0.2539 | val_dice: 0.7790
Epoch 30/100 | train_loss: 0.2323 | val_loss: 0.2488 | val_dice: 0.7819
New best! Saved (val_dice: 0.7819)
Epoch 31/100 | train_loss: 0.2337 | val_loss: 0.2502 | val_dice: 0.7791
Epoch 32/100 | train_loss: 0.2286 | val_loss: 0.2493 | val_dice: 0.7819
New best! Saved (val_dice: 0.7819)
Epoch 33/100 | train_loss: 0.2250 | val_loss: 0.2496 | val_dice: 0.7815
Epoch 34/100 | train_loss: 0.2254 | val_loss: 0.2540 | val_dice: 0.7734
Epoch 35/100 | train_loss: 0.2243 | val_loss: 0.2482 | val_dice: 0.7827
New best! Saved (val_dice: 0.7827)
Epoch 36/100 | train_loss: 0.2213 | val_loss: 0.2463 | val_dice: 0.7834
New best! Saved (val_dice: 0.7834)
Epoch 37/100 | train_loss: 0.2249 | val_loss: 0.2576 | val_dice: 0.7686
Epoch 38/100 | train_loss: 0.2267 | val_loss: 0.2525 | val_dice: 0.7793
Epoch 39/100 | train_loss: 0.2225 | val_loss: 0.2493 | val_dice: 0.7822
Epoch 40/100 | train_loss: 0.2222 | val_loss: 0.2515 | val_dice: 0.7793
Epoch 41/100 | train_loss: 0.2219 | val_loss: 0.2473 | val_dice: 0.7821
Epoch 42/100 | train_loss: 0.2156 | val_loss: 0.2490 | val_dice: 0.7813
Epoch 43/100 | train_loss: 0.2190 | val_loss: 0.2489 | val_dice: 0.7790
Epoch 44/100 | train_loss: 0.2178 | val_loss: 0.2470 | val_dice: 0.7825
Epoch 45/100 | train_loss: 0.2130 | val_loss: 0.2510 | val_dice: 0.7797
Epoch 46/100 | train_loss: 0.2134 | val_loss: 0.2458 | val_dice: 0.7853
New best! Saved (val_dice: 0.7853)
Epoch 47/100 | train_loss: 0.2096 | val_loss: 0.2457 | val_dice: 0.7834
Epoch 48/100 | train_loss: 0.2068 | val_loss: 0.2447 | val_dice: 0.7851
Epoch 49/100 | train_loss: 0.2090 | val_loss: 0.2500 | val_dice: 0.7786
Epoch 50/100 | train_loss: 0.2060 | val_loss: 0.2469 | val_dice: 0.7837
Epoch 51/100 | train_loss: 0.2082 | val_loss: 0.2490 | val_dice: 0.7821
Epoch 52/100 | train_loss: 0.2050 | val_loss: 0.2569 | val_dice: 0.7763
Epoch 53/100 | train_loss: 0.2050 | val_loss: 0.2477 | val_dice: 0.7843
Epoch 54/100 | train_loss: 0.2032 | val_loss: 0.2453 | val_dice: 0.7833
Epoch 55/100 | train_loss: 0.2006 | val_loss: 0.2497 | val_dice: 0.7819
Epoch 56/100 | train_loss: 0.1982 | val_loss: 0.2466 | val_dice: 0.7825
Early stopping at epoch 56
Saved training curve to /users/egottfri/code/octa-segmentation/results/rose1_ablation/raw/att_res_unet/training_curve_fold2.png
Fold 2 best Dice: 0.7853

==================================================
FOLD 3/5
==================================================
Epoch 1/100 | train_loss: 0.6565 | val_loss: 0.7057 | val_dice: 0.1688
New best! Saved (val_dice: 0.1688)
Epoch 2/100 | train_loss: 0.5431 | val_loss: 0.6857 | val_dice: 0.0000
Epoch 3/100 | train_loss: 0.4863 | val_loss: 0.6561 | val_dice: 0.0000
Epoch 4/100 | train_loss: 0.4520 | val_loss: 0.6184 | val_dice: 0.0087
Epoch 5/100 | train_loss: 0.4294 | val_loss: 0.5830 | val_dice: 0.0622
Epoch 6/100 | train_loss: 0.4073 | val_loss: 0.4966 | val_dice: 0.4422
New best! Saved (val_dice: 0.4422)
Epoch 7/100 | train_loss: 0.3862 | val_loss: 0.4320 | val_dice: 0.5808
New best! Saved (val_dice: 0.5808)
Epoch 8/100 | train_loss: 0.3605 | val_loss: 0.4126 | val_dice: 0.5817
New best! Saved (val_dice: 0.5817)
Epoch 9/100 | train_loss: 0.3341 | val_loss: 0.4036 | val_dice: 0.5719
Epoch 10/100 | train_loss: 0.3126 | val_loss: 0.3694 | val_dice: 0.6185
New best! Saved (val_dice: 0.6185)
Epoch 11/100 | train_loss: 0.2964 | val_loss: 0.3047 | val_dice: 0.7568
New best! Saved (val_dice: 0.7568)
Epoch 12/100 | train_loss: 0.2842 | val_loss: 0.2863 | val_dice: 0.7659
New best! Saved (val_dice: 0.7659)
Epoch 13/100 | train_loss: 0.2793 | val_loss: 0.2828 | val_dice: 0.7384
Epoch 14/100 | train_loss: 0.2746 | val_loss: 0.2758 | val_dice: 0.7442
Epoch 15/100 | train_loss: 0.2689 | val_loss: 0.2553 | val_dice: 0.7810
New best! Saved (val_dice: 0.7810)
Epoch 16/100 | train_loss: 0.2590 | val_loss: 0.2462 | val_dice: 0.7816
New best! Saved (val_dice: 0.7816)
Epoch 17/100 | train_loss: 0.2613 | val_loss: 0.2453 | val_dice: 0.7834
New best! Saved (val_dice: 0.7834)
Epoch 18/100 | train_loss: 0.2548 | val_loss: 0.2529 | val_dice: 0.7679
Epoch 19/100 | train_loss: 0.2539 | val_loss: 0.2385 | val_dice: 0.7925
New best! Saved (val_dice: 0.7925)
Epoch 20/100 | train_loss: 0.2518 | val_loss: 0.2420 | val_dice: 0.7826
Epoch 21/100 | train_loss: 0.2496 | val_loss: 0.2369 | val_dice: 0.7926
New best! Saved (val_dice: 0.7926)
Epoch 22/100 | train_loss: 0.2477 | val_loss: 0.2494 | val_dice: 0.7693
Epoch 23/100 | train_loss: 0.2437 | val_loss: 0.2329 | val_dice: 0.7953
New best! Saved (val_dice: 0.7953)
Epoch 24/100 | train_loss: 0.2431 | val_loss: 0.2342 | val_dice: 0.7952
Epoch 25/100 | train_loss: 0.2415 | val_loss: 0.2372 | val_dice: 0.7852
Epoch 26/100 | train_loss: 0.2439 | val_loss: 0.2418 | val_dice: 0.7785
Epoch 27/100 | train_loss: 0.2407 | val_loss: 0.2299 | val_dice: 0.7972
New best! Saved (val_dice: 0.7972)
Epoch 28/100 | train_loss: 0.2381 | val_loss: 0.2329 | val_dice: 0.7910
Epoch 29/100 | train_loss: 0.2376 | val_loss: 0.2275 | val_dice: 0.7982
New best! Saved (val_dice: 0.7982)
Epoch 30/100 | train_loss: 0.2357 | val_loss: 0.2300 | val_dice: 0.7924
Epoch 31/100 | train_loss: 0.2363 | val_loss: 0.2331 | val_dice: 0.7909
Epoch 32/100 | train_loss: 0.2323 | val_loss: 0.2276 | val_dice: 0.7959
Epoch 33/100 | train_loss: 0.2317 | val_loss: 0.2354 | val_dice: 0.7925
Epoch 34/100 | train_loss: 0.2263 | val_loss: 0.2492 | val_dice: 0.7683
Epoch 35/100 | train_loss: 0.2279 | val_loss: 0.2274 | val_dice: 0.7963
Epoch 36/100 | train_loss: 0.2290 | val_loss: 0.2284 | val_dice: 0.7936
Epoch 37/100 | train_loss: 0.2267 | val_loss: 0.2469 | val_dice: 0.7724
Epoch 38/100 | train_loss: 0.2274 | val_loss: 0.2262 | val_dice: 0.7977
Epoch 39/100 | train_loss: 0.2259 | val_loss: 0.2284 | val_dice: 0.7983
New best! Saved (val_dice: 0.7983)
Epoch 40/100 | train_loss: 0.2218 | val_loss: 0.2314 | val_dice: 0.7964
Epoch 41/100 | train_loss: 0.2242 | val_loss: 0.2250 | val_dice: 0.7992
New best! Saved (val_dice: 0.7992)
Epoch 42/100 | train_loss: 0.2183 | val_loss: 0.2384 | val_dice: 0.7817
Epoch 43/100 | train_loss: 0.2206 | val_loss: 0.2349 | val_dice: 0.7902
Epoch 44/100 | train_loss: 0.2229 | val_loss: 0.2281 | val_dice: 0.7957
Epoch 45/100 | train_loss: 0.2175 | val_loss: 0.2311 | val_dice: 0.7905
Epoch 46/100 | train_loss: 0.2133 | val_loss: 0.2495 | val_dice: 0.7727
Epoch 47/100 | train_loss: 0.2172 | val_loss: 0.2358 | val_dice: 0.7945
Epoch 48/100 | train_loss: 0.2123 | val_loss: 0.2266 | val_dice: 0.7982
Epoch 49/100 | train_loss: 0.2145 | val_loss: 0.2300 | val_dice: 0.7935
Epoch 50/100 | train_loss: 0.2150 | val_loss: 0.2376 | val_dice: 0.7822
Epoch 51/100 | train_loss: 0.2095 | val_loss: 0.2261 | val_dice: 0.7968
Early stopping at epoch 51
Saved training curve to /users/egottfri/code/octa-segmentation/results/rose1_ablation/raw/att_res_unet/training_curve_fold3.png
Fold 3 best Dice: 0.7992

==================================================
FOLD 4/5
==================================================
Epoch 1/100 | train_loss: 0.6322 | val_loss: 0.7104 | val_dice: 0.3202
New best! Saved (val_dice: 0.3202)
Epoch 2/100 | train_loss: 0.5261 | val_loss: 0.6813 | val_dice: 0.0000
Epoch 3/100 | train_loss: 0.4847 | val_loss: 0.6427 | val_dice: 0.0000
Epoch 4/100 | train_loss: 0.4516 | val_loss: 0.6099 | val_dice: 0.0012
Epoch 5/100 | train_loss: 0.4288 | val_loss: 0.5628 | val_dice: 0.2637
Epoch 6/100 | train_loss: 0.4044 | val_loss: 0.5233 | val_dice: 0.3586
New best! Saved (val_dice: 0.3586)
Epoch 7/100 | train_loss: 0.3785 | val_loss: 0.4660 | val_dice: 0.4914
New best! Saved (val_dice: 0.4914)
Epoch 8/100 | train_loss: 0.3512 | val_loss: 0.4587 | val_dice: 0.4733
Epoch 9/100 | train_loss: 0.3247 | val_loss: 0.4768 | val_dice: 0.4039
Epoch 10/100 | train_loss: 0.3053 | val_loss: 0.3401 | val_dice: 0.6962
New best! Saved (val_dice: 0.6962)
Epoch 11/100 | train_loss: 0.2945 | val_loss: 0.3333 | val_dice: 0.6759
Epoch 12/100 | train_loss: 0.2836 | val_loss: 0.3008 | val_dice: 0.7452
New best! Saved (val_dice: 0.7452)
Epoch 13/100 | train_loss: 0.2755 | val_loss: 0.2832 | val_dice: 0.7480
New best! Saved (val_dice: 0.7480)
Epoch 14/100 | train_loss: 0.2750 | val_loss: 0.2759 | val_dice: 0.7518
New best! Saved (val_dice: 0.7518)
Epoch 15/100 | train_loss: 0.2644 | val_loss: 0.2708 | val_dice: 0.7533
New best! Saved (val_dice: 0.7533)
Epoch 16/100 | train_loss: 0.2589 | val_loss: 0.2674 | val_dice: 0.7564
New best! Saved (val_dice: 0.7564)
Epoch 17/100 | train_loss: 0.2581 | val_loss: 0.2603 | val_dice: 0.7625
New best! Saved (val_dice: 0.7625)
Epoch 18/100 | train_loss: 0.2577 | val_loss: 0.2664 | val_dice: 0.7629
New best! Saved (val_dice: 0.7629)
Epoch 19/100 | train_loss: 0.2555 | val_loss: 0.2629 | val_dice: 0.7642
New best! Saved (val_dice: 0.7642)
Epoch 20/100 | train_loss: 0.2535 | val_loss: 0.2641 | val_dice: 0.7631
Epoch 21/100 | train_loss: 0.2518 | val_loss: 0.2665 | val_dice: 0.7507
Epoch 22/100 | train_loss: 0.2479 | val_loss: 0.2550 | val_dice: 0.7716
New best! Saved (val_dice: 0.7716)
Epoch 23/100 | train_loss: 0.2477 | val_loss: 0.2533 | val_dice: 0.7700
Epoch 24/100 | train_loss: 0.2454 | val_loss: 0.2519 | val_dice: 0.7718
New best! Saved (val_dice: 0.7718)
Epoch 25/100 | train_loss: 0.2405 | val_loss: 0.2553 | val_dice: 0.7678
Epoch 26/100 | train_loss: 0.2386 | val_loss: 0.2482 | val_dice: 0.7743
New best! Saved (val_dice: 0.7743)
Epoch 27/100 | train_loss: 0.2391 | val_loss: 0.2491 | val_dice: 0.7749
New best! Saved (val_dice: 0.7749)
Epoch 28/100 | train_loss: 0.2363 | val_loss: 0.2487 | val_dice: 0.7730
Epoch 29/100 | train_loss: 0.2321 | val_loss: 0.2513 | val_dice: 0.7691
Epoch 30/100 | train_loss: 0.2317 | val_loss: 0.2457 | val_dice: 0.7765
New best! Saved (val_dice: 0.7765)
Epoch 31/100 | train_loss: 0.2282 | val_loss: 0.2489 | val_dice: 0.7692
Epoch 32/100 | train_loss: 0.2254 | val_loss: 0.2519 | val_dice: 0.7677
Epoch 33/100 | train_loss: 0.2228 | val_loss: 0.2456 | val_dice: 0.7756
Epoch 34/100 | train_loss: 0.2276 | val_loss: 0.2482 | val_dice: 0.7759
Epoch 35/100 | train_loss: 0.2244 | val_loss: 0.2457 | val_dice: 0.7754
Epoch 36/100 | train_loss: 0.2273 | val_loss: 0.2495 | val_dice: 0.7717
Epoch 37/100 | train_loss: 0.2242 | val_loss: 0.2477 | val_dice: 0.7749
Epoch 38/100 | train_loss: 0.2221 | val_loss: 0.2525 | val_dice: 0.7648
Epoch 39/100 | train_loss: 0.2183 | val_loss: 0.2510 | val_dice: 0.7701
Epoch 40/100 | train_loss: 0.2188 | val_loss: 0.2559 | val_dice: 0.7692
Early stopping at epoch 40
Saved training curve to /users/egottfri/code/octa-segmentation/results/rose1_ablation/raw/att_res_unet/training_curve_fold4.png
Fold 4 best Dice: 0.7765

==================================================
FOLD 5/5
==================================================
Epoch 1/100 | train_loss: 0.6547 | val_loss: 0.7060 | val_dice: 0.2981
New best! Saved (val_dice: 0.2981)
Epoch 2/100 | train_loss: 0.5542 | val_loss: 0.6871 | val_dice: 0.0006
Epoch 3/100 | train_loss: 0.5110 | val_loss: 0.6541 | val_dice: 0.0139
Epoch 4/100 | train_loss: 0.4839 | val_loss: 0.6093 | val_dice: 0.1548
Epoch 5/100 | train_loss: 0.4589 | val_loss: 0.5547 | val_dice: 0.4032
New best! Saved (val_dice: 0.4032)
Epoch 6/100 | train_loss: 0.4324 | val_loss: 0.4918 | val_dice: 0.5530
New best! Saved (val_dice: 0.5530)
Epoch 7/100 | train_loss: 0.4081 | val_loss: 0.4489 | val_dice: 0.5972
New best! Saved (val_dice: 0.5972)
Epoch 8/100 | train_loss: 0.3749 | val_loss: 0.4083 | val_dice: 0.6249
New best! Saved (val_dice: 0.6249)
Epoch 9/100 | train_loss: 0.3415 | val_loss: 0.4587 | val_dice: 0.4398
Epoch 10/100 | train_loss: 0.3158 | val_loss: 0.3332 | val_dice: 0.7305
New best! Saved (val_dice: 0.7305)
Epoch 11/100 | train_loss: 0.3003 | val_loss: 0.3213 | val_dice: 0.7060
Epoch 12/100 | train_loss: 0.2836 | val_loss: 0.2942 | val_dice: 0.7534
New best! Saved (val_dice: 0.7534)
Epoch 13/100 | train_loss: 0.2802 | val_loss: 0.2838 | val_dice: 0.7431
Epoch 14/100 | train_loss: 0.2723 | val_loss: 0.2745 | val_dice: 0.7600
New best! Saved (val_dice: 0.7600)
Epoch 15/100 | train_loss: 0.2675 | val_loss: 0.2675 | val_dice: 0.7662
New best! Saved (val_dice: 0.7662)
Epoch 16/100 | train_loss: 0.2593 | val_loss: 0.2681 | val_dice: 0.7668
New best! Saved (val_dice: 0.7668)
Epoch 17/100 | train_loss: 0.2608 | val_loss: 0.2593 | val_dice: 0.7665
Epoch 18/100 | train_loss: 0.2605 | val_loss: 0.2621 | val_dice: 0.7611
Epoch 19/100 | train_loss: 0.2560 | val_loss: 0.2615 | val_dice: 0.7696
New best! Saved (val_dice: 0.7696)
Epoch 20/100 | train_loss: 0.2528 | val_loss: 0.2515 | val_dice: 0.7746
New best! Saved (val_dice: 0.7746)
Epoch 21/100 | train_loss: 0.2533 | val_loss: 0.2534 | val_dice: 0.7762
New best! Saved (val_dice: 0.7762)
Epoch 22/100 | train_loss: 0.2542 | val_loss: 0.2748 | val_dice: 0.7372
Epoch 23/100 | train_loss: 0.2472 | val_loss: 0.2549 | val_dice: 0.7673
Epoch 24/100 | train_loss: 0.2462 | val_loss: 0.2514 | val_dice: 0.7738
Epoch 25/100 | train_loss: 0.2457 | val_loss: 0.2519 | val_dice: 0.7722
Epoch 26/100 | train_loss: 0.2437 | val_loss: 0.2477 | val_dice: 0.7794
New best! Saved (val_dice: 0.7794)
Epoch 27/100 | train_loss: 0.2396 | val_loss: 0.2515 | val_dice: 0.7778
Epoch 28/100 | train_loss: 0.2376 | val_loss: 0.2499 | val_dice: 0.7752
Epoch 29/100 | train_loss: 0.2382 | val_loss: 0.2512 | val_dice: 0.7706
Epoch 30/100 | train_loss: 0.2336 | val_loss: 0.2527 | val_dice: 0.7682
Epoch 31/100 | train_loss: 0.2305 | val_loss: 0.2494 | val_dice: 0.7760
Epoch 32/100 | train_loss: 0.2349 | val_loss: 0.2471 | val_dice: 0.7809
New best! Saved (val_dice: 0.7809)
Epoch 33/100 | train_loss: 0.2326 | val_loss: 0.2452 | val_dice: 0.7791
Epoch 34/100 | train_loss: 0.2277 | val_loss: 0.2471 | val_dice: 0.7786
Epoch 35/100 | train_loss: 0.2306 | val_loss: 0.2444 | val_dice: 0.7824
New best! Saved (val_dice: 0.7824)
Epoch 36/100 | train_loss: 0.2303 | val_loss: 0.2481 | val_dice: 0.7740
Epoch 37/100 | train_loss: 0.2251 | val_loss: 0.2468 | val_dice: 0.7797
Epoch 38/100 | train_loss: 0.2267 | val_loss: 0.2544 | val_dice: 0.7764
Epoch 39/100 | train_loss: 0.2211 | val_loss: 0.2450 | val_dice: 0.7809
Epoch 40/100 | train_loss: 0.2248 | val_loss: 0.2432 | val_dice: 0.7814
Epoch 41/100 | train_loss: 0.2213 | val_loss: 0.2420 | val_dice: 0.7834
New best! Saved (val_dice: 0.7834)
Epoch 42/100 | train_loss: 0.2175 | val_loss: 0.2466 | val_dice: 0.7749
Epoch 43/100 | train_loss: 0.2134 | val_loss: 0.2525 | val_dice: 0.7661
Epoch 44/100 | train_loss: 0.2177 | val_loss: 0.2558 | val_dice: 0.7653
Epoch 45/100 | train_loss: 0.2179 | val_loss: 0.2482 | val_dice: 0.7798
Epoch 46/100 | train_loss: 0.2214 | val_loss: 0.2461 | val_dice: 0.7774
Epoch 47/100 | train_loss: 0.2148 | val_loss: 0.2469 | val_dice: 0.7804
Epoch 48/100 | train_loss: 0.2108 | val_loss: 0.2453 | val_dice: 0.7821
Epoch 49/100 | train_loss: 0.2122 | val_loss: 0.2438 | val_dice: 0.7833
Epoch 50/100 | train_loss: 0.2081 | val_loss: 0.2443 | val_dice: 0.7788
Epoch 51/100 | train_loss: 0.2107 | val_loss: 0.2435 | val_dice: 0.7817
Early stopping at epoch 51
Saved training curve to /users/egottfri/code/octa-segmentation/results/rose1_ablation/raw/att_res_unet/training_curve_fold5.png
Fold 5 best Dice: 0.7834

==================================================
K-FOLD RESULTS: 0.7879 ± 0.0082
Individual folds: ['0.7950', '0.7853', '0.7992', '0.7765', '0.7834']
==================================================
[train] preprocessed / unet

==================================================
FOLD 1/5
==================================================
Epoch 1/100 | train_loss: 0.6377 | val_loss: 0.7049 | val_dice: 0.0121
New best! Saved (val_dice: 0.0121)
Epoch 2/100 | train_loss: 0.5267 | val_loss: 0.6794 | val_dice: 0.0401
New best! Saved (val_dice: 0.0401)
Epoch 3/100 | train_loss: 0.4915 | val_loss: 0.6309 | val_dice: 0.1412
New best! Saved (val_dice: 0.1412)
Epoch 4/100 | train_loss: 0.4627 | val_loss: 0.5775 | val_dice: 0.2215
New best! Saved (val_dice: 0.2215)
Epoch 5/100 | train_loss: 0.4495 | val_loss: 0.5342 | val_dice: 0.3756
New best! Saved (val_dice: 0.3756)
Epoch 6/100 | train_loss: 0.4364 | val_loss: 0.4721 | val_dice: 0.5873
New best! Saved (val_dice: 0.5873)
Epoch 7/100 | train_loss: 0.4245 | val_loss: 0.4259 | val_dice: 0.6821
New best! Saved (val_dice: 0.6821)
Epoch 8/100 | train_loss: 0.4158 | val_loss: 0.4054 | val_dice: 0.7255
New best! Saved (val_dice: 0.7255)
Epoch 9/100 | train_loss: 0.4065 | val_loss: 0.3936 | val_dice: 0.7472
New best! Saved (val_dice: 0.7472)
Epoch 10/100 | train_loss: 0.4010 | val_loss: 0.3852 | val_dice: 0.7522
New best! Saved (val_dice: 0.7522)
Epoch 11/100 | train_loss: 0.3948 | val_loss: 0.3844 | val_dice: 0.7533
New best! Saved (val_dice: 0.7533)
Epoch 12/100 | train_loss: 0.3897 | val_loss: 0.3745 | val_dice: 0.7626
New best! Saved (val_dice: 0.7626)
Epoch 13/100 | train_loss: 0.3861 | val_loss: 0.3691 | val_dice: 0.7710
New best! Saved (val_dice: 0.7710)
Epoch 14/100 | train_loss: 0.3815 | val_loss: 0.3692 | val_dice: 0.7575
Epoch 15/100 | train_loss: 0.3757 | val_loss: 0.3618 | val_dice: 0.7703
Epoch 16/100 | train_loss: 0.3714 | val_loss: 0.3640 | val_dice: 0.7685
Epoch 17/100 | train_loss: 0.3691 | val_loss: 0.3536 | val_dice: 0.7789
New best! Saved (val_dice: 0.7789)
Epoch 18/100 | train_loss: 0.3649 | val_loss: 0.3501 | val_dice: 0.7806
New best! Saved (val_dice: 0.7806)
Epoch 19/100 | train_loss: 0.3629 | val_loss: 0.3513 | val_dice: 0.7773
Epoch 20/100 | train_loss: 0.3585 | val_loss: 0.3499 | val_dice: 0.7756
Epoch 21/100 | train_loss: 0.3537 | val_loss: 0.3469 | val_dice: 0.7748
Epoch 22/100 | train_loss: 0.3544 | val_loss: 0.3374 | val_dice: 0.7847
New best! Saved (val_dice: 0.7847)
Epoch 23/100 | train_loss: 0.3491 | val_loss: 0.3385 | val_dice: 0.7807
Epoch 24/100 | train_loss: 0.3456 | val_loss: 0.3447 | val_dice: 0.7699
Epoch 25/100 | train_loss: 0.3424 | val_loss: 0.3426 | val_dice: 0.7733
Epoch 26/100 | train_loss: 0.3422 | val_loss: 0.3442 | val_dice: 0.7700
Epoch 27/100 | train_loss: 0.3355 | val_loss: 0.3275 | val_dice: 0.7858
New best! Saved (val_dice: 0.7858)
Epoch 28/100 | train_loss: 0.3319 | val_loss: 0.3280 | val_dice: 0.7835
Epoch 29/100 | train_loss: 0.3285 | val_loss: 0.3247 | val_dice: 0.7828
Epoch 30/100 | train_loss: 0.3282 | val_loss: 0.3276 | val_dice: 0.7804
Epoch 31/100 | train_loss: 0.3233 | val_loss: 0.3276 | val_dice: 0.7851
Epoch 32/100 | train_loss: 0.3236 | val_loss: 0.3286 | val_dice: 0.7821
Epoch 33/100 | train_loss: 0.3214 | val_loss: 0.3330 | val_dice: 0.7684
Epoch 34/100 | train_loss: 0.3208 | val_loss: 0.3185 | val_dice: 0.7870
New best! Saved (val_dice: 0.7870)
Epoch 35/100 | train_loss: 0.3189 | val_loss: 0.3234 | val_dice: 0.7811
Epoch 36/100 | train_loss: 0.3135 | val_loss: 0.3150 | val_dice: 0.7837
Epoch 37/100 | train_loss: 0.3072 | val_loss: 0.3149 | val_dice: 0.7859
Epoch 38/100 | train_loss: 0.3066 | val_loss: 0.3132 | val_dice: 0.7871
New best! Saved (val_dice: 0.7871)
Epoch 39/100 | train_loss: 0.3081 | val_loss: 0.3156 | val_dice: 0.7830
Epoch 40/100 | train_loss: 0.3017 | val_loss: 0.3174 | val_dice: 0.7795
Epoch 41/100 | train_loss: 0.3022 | val_loss: 0.3118 | val_dice: 0.7809
Epoch 42/100 | train_loss: 0.2945 | val_loss: 0.3096 | val_dice: 0.7818
Epoch 43/100 | train_loss: 0.2969 | val_loss: 0.3079 | val_dice: 0.7872
New best! Saved (val_dice: 0.7872)
Epoch 44/100 | train_loss: 0.2947 | val_loss: 0.3084 | val_dice: 0.7823
Epoch 45/100 | train_loss: 0.2943 | val_loss: 0.3080 | val_dice: 0.7816
Epoch 46/100 | train_loss: 0.2882 | val_loss: 0.3032 | val_dice: 0.7858
Epoch 47/100 | train_loss: 0.2879 | val_loss: 0.3033 | val_dice: 0.7868
Epoch 48/100 | train_loss: 0.2851 | val_loss: 0.2994 | val_dice: 0.7888
New best! Saved (val_dice: 0.7888)
Epoch 49/100 | train_loss: 0.2763 | val_loss: 0.3022 | val_dice: 0.7846
Epoch 50/100 | train_loss: 0.2799 | val_loss: 0.3015 | val_dice: 0.7841
Epoch 51/100 | train_loss: 0.2785 | val_loss: 0.2995 | val_dice: 0.7835
Epoch 52/100 | train_loss: 0.2721 | val_loss: 0.2986 | val_dice: 0.7837
Epoch 53/100 | train_loss: 0.2708 | val_loss: 0.3037 | val_dice: 0.7778
Epoch 54/100 | train_loss: 0.2711 | val_loss: 0.3054 | val_dice: 0.7778
Epoch 55/100 | train_loss: 0.2702 | val_loss: 0.3037 | val_dice: 0.7797
Epoch 56/100 | train_loss: 0.2668 | val_loss: 0.3069 | val_dice: 0.7792
Epoch 57/100 | train_loss: 0.2657 | val_loss: 0.3035 | val_dice: 0.7737
Epoch 58/100 | train_loss: 0.2675 | val_loss: 0.2920 | val_dice: 0.7822
Early stopping at epoch 58
Saved training curve to /users/egottfri/code/octa-segmentation/results/rose1_ablation/preprocessed/unet/training_curve_fold1.png
Fold 1 best Dice: 0.7888

==================================================
FOLD 2/5
==================================================
Epoch 1/100 | train_loss: 0.6458 | val_loss: 0.7100 | val_dice: 0.3371
New best! Saved (val_dice: 0.3371)
Epoch 2/100 | train_loss: 0.5605 | val_loss: 0.6840 | val_dice: 0.6226
New best! Saved (val_dice: 0.6226)
Epoch 3/100 | train_loss: 0.5270 | val_loss: 0.6423 | val_dice: 0.4613
Epoch 4/100 | train_loss: 0.5075 | val_loss: 0.5966 | val_dice: 0.4603
Epoch 5/100 | train_loss: 0.4942 | val_loss: 0.5472 | val_dice: 0.5629
Epoch 6/100 | train_loss: 0.4785 | val_loss: 0.4937 | val_dice: 0.5898
Epoch 7/100 | train_loss: 0.4697 | val_loss: 0.4667 | val_dice: 0.6823
New best! Saved (val_dice: 0.6823)
Epoch 8/100 | train_loss: 0.4593 | val_loss: 0.4531 | val_dice: 0.7066
New best! Saved (val_dice: 0.7066)
Epoch 9/100 | train_loss: 0.4516 | val_loss: 0.4535 | val_dice: 0.7134
New best! Saved (val_dice: 0.7134)
Epoch 10/100 | train_loss: 0.4457 | val_loss: 0.4439 | val_dice: 0.7280
New best! Saved (val_dice: 0.7280)
Epoch 11/100 | train_loss: 0.4400 | val_loss: 0.4396 | val_dice: 0.7262
Epoch 12/100 | train_loss: 0.4350 | val_loss: 0.4406 | val_dice: 0.7215
Epoch 13/100 | train_loss: 0.4297 | val_loss: 0.4342 | val_dice: 0.7280
New best! Saved (val_dice: 0.7280)
Epoch 14/100 | train_loss: 0.4249 | val_loss: 0.4402 | val_dice: 0.7188
Epoch 15/100 | train_loss: 0.4216 | val_loss: 0.4443 | val_dice: 0.7098
Epoch 16/100 | train_loss: 0.4178 | val_loss: 0.4283 | val_dice: 0.7336
New best! Saved (val_dice: 0.7336)
Epoch 17/100 | train_loss: 0.4144 | val_loss: 0.4236 | val_dice: 0.7425
New best! Saved (val_dice: 0.7425)
Epoch 18/100 | train_loss: 0.4116 | val_loss: 0.4179 | val_dice: 0.7409
Epoch 19/100 | train_loss: 0.4083 | val_loss: 0.4132 | val_dice: 0.7433
New best! Saved (val_dice: 0.7433)
Epoch 20/100 | train_loss: 0.4042 | val_loss: 0.4151 | val_dice: 0.7412
Epoch 21/100 | train_loss: 0.4014 | val_loss: 0.4090 | val_dice: 0.7511
New best! Saved (val_dice: 0.7511)
Epoch 22/100 | train_loss: 0.3971 | val_loss: 0.3995 | val_dice: 0.7623
New best! Saved (val_dice: 0.7623)
Epoch 23/100 | train_loss: 0.3953 | val_loss: 0.3975 | val_dice: 0.7620
Epoch 24/100 | train_loss: 0.3942 | val_loss: 0.3945 | val_dice: 0.7607
Epoch 25/100 | train_loss: 0.3892 | val_loss: 0.3969 | val_dice: 0.7564
Epoch 26/100 | train_loss: 0.3848 | val_loss: 0.3913 | val_dice: 0.7620
Epoch 27/100 | train_loss: 0.3824 | val_loss: 0.3978 | val_dice: 0.7583
Epoch 28/100 | train_loss: 0.3799 | val_loss: 0.3909 | val_dice: 0.7575
Epoch 29/100 | train_loss: 0.3807 | val_loss: 0.3818 | val_dice: 0.7663
New best! Saved (val_dice: 0.7663)
Epoch 30/100 | train_loss: 0.3755 | val_loss: 0.3860 | val_dice: 0.7626
Epoch 31/100 | train_loss: 0.3737 | val_loss: 0.3879 | val_dice: 0.7572
Epoch 32/100 | train_loss: 0.3704 | val_loss: 0.3869 | val_dice: 0.7539
Epoch 33/100 | train_loss: 0.3667 | val_loss: 0.3750 | val_dice: 0.7681
New best! Saved (val_dice: 0.7681)
Epoch 34/100 | train_loss: 0.3657 | val_loss: 0.3857 | val_dice: 0.7533
Epoch 35/100 | train_loss: 0.3643 | val_loss: 0.3769 | val_dice: 0.7607
Epoch 36/100 | train_loss: 0.3607 | val_loss: 0.3762 | val_dice: 0.7611
Epoch 37/100 | train_loss: 0.3539 | val_loss: 0.3765 | val_dice: 0.7641
Epoch 38/100 | train_loss: 0.3536 | val_loss: 0.3724 | val_dice: 0.7651
Epoch 39/100 | train_loss: 0.3487 | val_loss: 0.3738 | val_dice: 0.7654
Epoch 40/100 | train_loss: 0.3481 | val_loss: 0.3636 | val_dice: 0.7708
New best! Saved (val_dice: 0.7708)
Epoch 41/100 | train_loss: 0.3430 | val_loss: 0.3696 | val_dice: 0.7623
Epoch 42/100 | train_loss: 0.3422 | val_loss: 0.3702 | val_dice: 0.7642
Epoch 43/100 | train_loss: 0.3446 | val_loss: 0.3732 | val_dice: 0.7583
Epoch 44/100 | train_loss: 0.3388 | val_loss: 0.3614 | val_dice: 0.7693
Epoch 45/100 | train_loss: 0.3328 | val_loss: 0.3616 | val_dice: 0.7663
Epoch 46/100 | train_loss: 0.3366 | val_loss: 0.3663 | val_dice: 0.7630
Epoch 47/100 | train_loss: 0.3294 | val_loss: 0.3639 | val_dice: 0.7603
Epoch 48/100 | train_loss: 0.3273 | val_loss: 0.3614 | val_dice: 0.7688
Epoch 49/100 | train_loss: 0.3227 | val_loss: 0.3629 | val_dice: 0.7632
Epoch 50/100 | train_loss: 0.3191 | val_loss: 0.3652 | val_dice: 0.7613
Early stopping at epoch 50
Saved training curve to /users/egottfri/code/octa-segmentation/results/rose1_ablation/preprocessed/unet/training_curve_fold2.png
Fold 2 best Dice: 0.7708

==================================================
FOLD 3/5
==================================================
Epoch 1/100 | train_loss: 0.6270 | val_loss: 0.7030 | val_dice: 0.4592
New best! Saved (val_dice: 0.4592)
Epoch 2/100 | train_loss: 0.5368 | val_loss: 0.6802 | val_dice: 0.2570
Epoch 3/100 | train_loss: 0.5025 | val_loss: 0.6381 | val_dice: 0.2277
Epoch 4/100 | train_loss: 0.4843 | val_loss: 0.5876 | val_dice: 0.3604
Epoch 5/100 | train_loss: 0.4733 | val_loss: 0.5455 | val_dice: 0.4111
Epoch 6/100 | train_loss: 0.4587 | val_loss: 0.4901 | val_dice: 0.5825
New best! Saved (val_dice: 0.5825)
Epoch 7/100 | train_loss: 0.4481 | val_loss: 0.4456 | val_dice: 0.6944
New best! Saved (val_dice: 0.6944)
Epoch 8/100 | train_loss: 0.4400 | val_loss: 0.4212 | val_dice: 0.7255
New best! Saved (val_dice: 0.7255)
Epoch 9/100 | train_loss: 0.4316 | val_loss: 0.4073 | val_dice: 0.7560
New best! Saved (val_dice: 0.7560)
Epoch 10/100 | train_loss: 0.4259 | val_loss: 0.4124 | val_dice: 0.7594
New best! Saved (val_dice: 0.7594)
Epoch 11/100 | train_loss: 0.4218 | val_loss: 0.3988 | val_dice: 0.7699
New best! Saved (val_dice: 0.7699)
Epoch 12/100 | train_loss: 0.4162 | val_loss: 0.4069 | val_dice: 0.7575
Epoch 13/100 | train_loss: 0.4124 | val_loss: 0.4034 | val_dice: 0.7620
Epoch 14/100 | train_loss: 0.4075 | val_loss: 0.3953 | val_dice: 0.7733
New best! Saved (val_dice: 0.7733)
Epoch 15/100 | train_loss: 0.4040 | val_loss: 0.3885 | val_dice: 0.7761
New best! Saved (val_dice: 0.7761)
Epoch 16/100 | train_loss: 0.4004 | val_loss: 0.3879 | val_dice: 0.7737
Epoch 17/100 | train_loss: 0.3971 | val_loss: 0.3772 | val_dice: 0.7811
New best! Saved (val_dice: 0.7811)
Epoch 18/100 | train_loss: 0.3949 | val_loss: 0.3822 | val_dice: 0.7765
Epoch 19/100 | train_loss: 0.3904 | val_loss: 0.3824 | val_dice: 0.7719
Epoch 20/100 | train_loss: 0.3901 | val_loss: 0.3762 | val_dice: 0.7787
Epoch 21/100 | train_loss: 0.3836 | val_loss: 0.3772 | val_dice: 0.7765
Epoch 22/100 | train_loss: 0.3822 | val_loss: 0.3831 | val_dice: 0.7679
Epoch 23/100 | train_loss: 0.3782 | val_loss: 0.3741 | val_dice: 0.7818
New best! Saved (val_dice: 0.7818)
Epoch 24/100 | train_loss: 0.3762 | val_loss: 0.3692 | val_dice: 0.7807
Epoch 25/100 | train_loss: 0.3729 | val_loss: 0.3616 | val_dice: 0.7857
New best! Saved (val_dice: 0.7857)
Epoch 26/100 | train_loss: 0.3700 | val_loss: 0.3632 | val_dice: 0.7858
New best! Saved (val_dice: 0.7858)
Epoch 27/100 | train_loss: 0.3690 | val_loss: 0.3625 | val_dice: 0.7863
New best! Saved (val_dice: 0.7863)
Epoch 28/100 | train_loss: 0.3670 | val_loss: 0.3562 | val_dice: 0.7843
Epoch 29/100 | train_loss: 0.3622 | val_loss: 0.3582 | val_dice: 0.7848
Epoch 30/100 | train_loss: 0.3554 | val_loss: 0.3540 | val_dice: 0.7854
Epoch 31/100 | train_loss: 0.3584 | val_loss: 0.3605 | val_dice: 0.7837
Epoch 32/100 | train_loss: 0.3581 | val_loss: 0.3541 | val_dice: 0.7871
New best! Saved (val_dice: 0.7871)
Epoch 33/100 | train_loss: 0.3511 | val_loss: 0.3534 | val_dice: 0.7859
Epoch 34/100 | train_loss: 0.3531 | val_loss: 0.3507 | val_dice: 0.7863
Epoch 35/100 | train_loss: 0.3429 | val_loss: 0.3492 | val_dice: 0.7856
Epoch 36/100 | train_loss: 0.3431 | val_loss: 0.3514 | val_dice: 0.7860
Epoch 37/100 | train_loss: 0.3411 | val_loss: 0.3496 | val_dice: 0.7852
Epoch 38/100 | train_loss: 0.3352 | val_loss: 0.3511 | val_dice: 0.7839
Epoch 39/100 | train_loss: 0.3361 | val_loss: 0.3443 | val_dice: 0.7881
New best! Saved (val_dice: 0.7881)
Epoch 40/100 | train_loss: 0.3344 | val_loss: 0.3402 | val_dice: 0.7831
Epoch 41/100 | train_loss: 0.3324 | val_loss: 0.3581 | val_dice: 0.7719
Epoch 42/100 | train_loss: 0.3294 | val_loss: 0.3603 | val_dice: 0.7708
Epoch 43/100 | train_loss: 0.3255 | val_loss: 0.3504 | val_dice: 0.7779
Epoch 44/100 | train_loss: 0.3253 | val_loss: 0.3290 | val_dice: 0.7912
New best! Saved (val_dice: 0.7912)
Epoch 45/100 | train_loss: 0.3237 | val_loss: 0.3318 | val_dice: 0.7859
Epoch 46/100 | train_loss: 0.3186 | val_loss: 0.3301 | val_dice: 0.7870
Epoch 47/100 | train_loss: 0.3151 | val_loss: 0.3439 | val_dice: 0.7814
Epoch 48/100 | train_loss: 0.3147 | val_loss: 0.3340 | val_dice: 0.7838
Epoch 49/100 | train_loss: 0.3107 | val_loss: 0.3253 | val_dice: 0.7909
Epoch 50/100 | train_loss: 0.3064 | val_loss: 0.3315 | val_dice: 0.7862
Epoch 51/100 | train_loss: 0.3116 | val_loss: 0.3214 | val_dice: 0.7836
Epoch 52/100 | train_loss: 0.3074 | val_loss: 0.3217 | val_dice: 0.7779
Epoch 53/100 | train_loss: 0.3064 | val_loss: 0.3498 | val_dice: 0.7656
Epoch 54/100 | train_loss: 0.3015 | val_loss: 0.3351 | val_dice: 0.7804
Early stopping at epoch 54
Saved training curve to /users/egottfri/code/octa-segmentation/results/rose1_ablation/preprocessed/unet/training_curve_fold3.png
Fold 3 best Dice: 0.7912

==================================================
FOLD 4/5
==================================================
Epoch 1/100 | train_loss: 0.5780 | val_loss: 0.6866 | val_dice: 0.0000
New best! Saved (val_dice: 0.0000)
Epoch 2/100 | train_loss: 0.4774 | val_loss: 0.6528 | val_dice: 0.0009
New best! Saved (val_dice: 0.0009)
Epoch 3/100 | train_loss: 0.4398 | val_loss: 0.6084 | val_dice: 0.0600
New best! Saved (val_dice: 0.0600)
Epoch 4/100 | train_loss: 0.4205 | val_loss: 0.5707 | val_dice: 0.1012
New best! Saved (val_dice: 0.1012)
Epoch 5/100 | train_loss: 0.4078 | val_loss: 0.5279 | val_dice: 0.3381
New best! Saved (val_dice: 0.3381)
Epoch 6/100 | train_loss: 0.3979 | val_loss: 0.4855 | val_dice: 0.4646
New best! Saved (val_dice: 0.4646)
Epoch 7/100 | train_loss: 0.3883 | val_loss: 0.4169 | val_dice: 0.6359
New best! Saved (val_dice: 0.6359)
Epoch 8/100 | train_loss: 0.3810 | val_loss: 0.3882 | val_dice: 0.7241
New best! Saved (val_dice: 0.7241)
Epoch 9/100 | train_loss: 0.3732 | val_loss: 0.3718 | val_dice: 0.7366
New best! Saved (val_dice: 0.7366)
Epoch 10/100 | train_loss: 0.3706 | val_loss: 0.3697 | val_dice: 0.7468
New best! Saved (val_dice: 0.7468)
Epoch 11/100 | train_loss: 0.3637 | val_loss: 0.3758 | val_dice: 0.7310
Epoch 12/100 | train_loss: 0.3577 | val_loss: 0.3624 | val_dice: 0.7478
New best! Saved (val_dice: 0.7478)
Epoch 13/100 | train_loss: 0.3526 | val_loss: 0.3588 | val_dice: 0.7518
New best! Saved (val_dice: 0.7518)
Epoch 14/100 | train_loss: 0.3488 | val_loss: 0.3520 | val_dice: 0.7534
New best! Saved (val_dice: 0.7534)
Epoch 15/100 | train_loss: 0.3483 | val_loss: 0.3477 | val_dice: 0.7593
New best! Saved (val_dice: 0.7593)
Epoch 16/100 | train_loss: 0.3411 | val_loss: 0.3409 | val_dice: 0.7602
New best! Saved (val_dice: 0.7602)
Epoch 17/100 | train_loss: 0.3390 | val_loss: 0.3361 | val_dice: 0.7654
New best! Saved (val_dice: 0.7654)
Epoch 18/100 | train_loss: 0.3348 | val_loss: 0.3357 | val_dice: 0.7673
New best! Saved (val_dice: 0.7673)
Epoch 19/100 | train_loss: 0.3310 | val_loss: 0.3355 | val_dice: 0.7658
Epoch 20/100 | train_loss: 0.3284 | val_loss: 0.3337 | val_dice: 0.7689
New best! Saved (val_dice: 0.7689)
Epoch 21/100 | train_loss: 0.3268 | val_loss: 0.3291 | val_dice: 0.7657
Epoch 22/100 | train_loss: 0.3250 | val_loss: 0.3233 | val_dice: 0.7705
New best! Saved (val_dice: 0.7705)
Epoch 23/100 | train_loss: 0.3222 | val_loss: 0.3289 | val_dice: 0.7673
Epoch 24/100 | train_loss: 0.3174 | val_loss: 0.3266 | val_dice: 0.7668
Epoch 25/100 | train_loss: 0.3153 | val_loss: 0.3242 | val_dice: 0.7691
Epoch 26/100 | train_loss: 0.3134 | val_loss: 0.3220 | val_dice: 0.7704
Epoch 27/100 | train_loss: 0.3093 | val_loss: 0.3201 | val_dice: 0.7692
Epoch 28/100 | train_loss: 0.3082 | val_loss: 0.3155 | val_dice: 0.7672
Epoch 29/100 | train_loss: 0.3073 | val_loss: 0.3212 | val_dice: 0.7670
Epoch 30/100 | train_loss: 0.3013 | val_loss: 0.3183 | val_dice: 0.7685
Epoch 31/100 | train_loss: 0.2970 | val_loss: 0.3249 | val_dice: 0.7569
Epoch 32/100 | train_loss: 0.2995 | val_loss: 0.3150 | val_dice: 0.7687
Early stopping at epoch 32
Saved training curve to /users/egottfri/code/octa-segmentation/results/rose1_ablation/preprocessed/unet/training_curve_fold4.png
Fold 4 best Dice: 0.7705

==================================================
FOLD 5/5
==================================================
Epoch 1/100 | train_loss: 0.6257 | val_loss: 0.6949 | val_dice: 0.0000
New best! Saved (val_dice: 0.0000)
Epoch 2/100 | train_loss: 0.5422 | val_loss: 0.6758 | val_dice: 0.0000
Epoch 3/100 | train_loss: 0.5069 | val_loss: 0.6432 | val_dice: 0.0201
New best! Saved (val_dice: 0.0201)
Epoch 4/100 | train_loss: 0.4863 | val_loss: 0.6014 | val_dice: 0.1169
New best! Saved (val_dice: 0.1169)
Epoch 5/100 | train_loss: 0.4694 | val_loss: 0.5590 | val_dice: 0.3282
New best! Saved (val_dice: 0.3282)
Epoch 6/100 | train_loss: 0.4625 | val_loss: 0.5080 | val_dice: 0.4925
New best! Saved (val_dice: 0.4925)
Epoch 7/100 | train_loss: 0.4497 | val_loss: 0.4622 | val_dice: 0.6241
New best! Saved (val_dice: 0.6241)
Epoch 8/100 | train_loss: 0.4416 | val_loss: 0.4393 | val_dice: 0.6967
New best! Saved (val_dice: 0.6967)
Epoch 9/100 | train_loss: 0.4326 | val_loss: 0.4331 | val_dice: 0.7324
New best! Saved (val_dice: 0.7324)
Epoch 10/100 | train_loss: 0.4281 | val_loss: 0.4266 | val_dice: 0.7393
New best! Saved (val_dice: 0.7393)
Epoch 11/100 | train_loss: 0.4203 | val_loss: 0.4296 | val_dice: 0.7397
New best! Saved (val_dice: 0.7397)
Epoch 12/100 | train_loss: 0.4161 | val_loss: 0.4215 | val_dice: 0.7504
New best! Saved (val_dice: 0.7504)
Epoch 13/100 | train_loss: 0.4111 | val_loss: 0.4259 | val_dice: 0.7378
Epoch 14/100 | train_loss: 0.4105 | val_loss: 0.4175 | val_dice: 0.7384
Epoch 15/100 | train_loss: 0.4070 | val_loss: 0.4268 | val_dice: 0.7277
Epoch 16/100 | train_loss: 0.4034 | val_loss: 0.4281 | val_dice: 0.7305
Epoch 17/100 | train_loss: 0.3982 | val_loss: 0.4026 | val_dice: 0.7516
New best! Saved (val_dice: 0.7516)
Epoch 18/100 | train_loss: 0.3941 | val_loss: 0.4029 | val_dice: 0.7546
New best! Saved (val_dice: 0.7546)
Epoch 19/100 | train_loss: 0.3915 | val_loss: 0.3985 | val_dice: 0.7630
New best! Saved (val_dice: 0.7630)
Epoch 20/100 | train_loss: 0.3893 | val_loss: 0.3943 | val_dice: 0.7634
New best! Saved (val_dice: 0.7634)
Epoch 21/100 | train_loss: 0.3860 | val_loss: 0.3958 | val_dice: 0.7630
Epoch 22/100 | train_loss: 0.3805 | val_loss: 0.3871 | val_dice: 0.7656
New best! Saved (val_dice: 0.7656)
Epoch 23/100 | train_loss: 0.3782 | val_loss: 0.3856 | val_dice: 0.7687
New best! Saved (val_dice: 0.7687)
Epoch 24/100 | train_loss: 0.3743 | val_loss: 0.3871 | val_dice: 0.7672
Epoch 25/100 | train_loss: 0.3735 | val_loss: 0.3839 | val_dice: 0.7646
Epoch 26/100 | train_loss: 0.3707 | val_loss: 0.3783 | val_dice: 0.7656
Epoch 27/100 | train_loss: 0.3663 | val_loss: 0.3759 | val_dice: 0.7724
New best! Saved (val_dice: 0.7724)
Epoch 28/100 | train_loss: 0.3645 | val_loss: 0.3774 | val_dice: 0.7641
Epoch 29/100 | train_loss: 0.3625 | val_loss: 0.3789 | val_dice: 0.7664
Epoch 30/100 | train_loss: 0.3591 | val_loss: 0.3761 | val_dice: 0.7596
Epoch 31/100 | train_loss: 0.3557 | val_loss: 0.3715 | val_dice: 0.7713
Epoch 32/100 | train_loss: 0.3520 | val_loss: 0.3724 | val_dice: 0.7700
Epoch 33/100 | train_loss: 0.3501 | val_loss: 0.3662 | val_dice: 0.7719
Epoch 34/100 | train_loss: 0.3448 | val_loss: 0.3683 | val_dice: 0.7668
Epoch 35/100 | train_loss: 0.3422 | val_loss: 0.3645 | val_dice: 0.7695
Epoch 36/100 | train_loss: 0.3404 | val_loss: 0.3613 | val_dice: 0.7695
Epoch 37/100 | train_loss: 0.3387 | val_loss: 0.3608 | val_dice: 0.7695
Early stopping at epoch 37
Saved training curve to /users/egottfri/code/octa-segmentation/results/rose1_ablation/preprocessed/unet/training_curve_fold5.png
Fold 5 best Dice: 0.7724

==================================================
K-FOLD RESULTS: 0.7787 ± 0.0092
Individual folds: ['0.7888', '0.7708', '0.7912', '0.7705', '0.7724']
==================================================
[train] preprocessed / attention_unet

==================================================
FOLD 1/5
==================================================
Epoch 1/100 | train_loss: 0.6642 | val_loss: 0.7175 | val_dice: 0.3098
New best! Saved (val_dice: 0.3098)
Epoch 2/100 | train_loss: 0.5569 | val_loss: 0.6945 | val_dice: 0.0000
Epoch 3/100 | train_loss: 0.5171 | val_loss: 0.6645 | val_dice: 0.0000
Epoch 4/100 | train_loss: 0.4907 | val_loss: 0.6297 | val_dice: 0.0017
Epoch 5/100 | train_loss: 0.4771 | val_loss: 0.5902 | val_dice: 0.1727
Epoch 6/100 | train_loss: 0.4616 | val_loss: 0.5159 | val_dice: 0.5764
New best! Saved (val_dice: 0.5764)
Epoch 7/100 | train_loss: 0.4499 | val_loss: 0.4770 | val_dice: 0.6045
New best! Saved (val_dice: 0.6045)
Epoch 8/100 | train_loss: 0.4427 | val_loss: 0.4317 | val_dice: 0.7369
New best! Saved (val_dice: 0.7369)
Epoch 9/100 | train_loss: 0.4322 | val_loss: 0.4165 | val_dice: 0.7450
New best! Saved (val_dice: 0.7450)
Epoch 10/100 | train_loss: 0.4246 | val_loss: 0.4044 | val_dice: 0.7526
New best! Saved (val_dice: 0.7526)
Epoch 11/100 | train_loss: 0.4187 | val_loss: 0.4013 | val_dice: 0.7549
New best! Saved (val_dice: 0.7549)
Epoch 12/100 | train_loss: 0.4136 | val_loss: 0.3924 | val_dice: 0.7652
New best! Saved (val_dice: 0.7652)
Epoch 13/100 | train_loss: 0.4062 | val_loss: 0.3971 | val_dice: 0.7510
Epoch 14/100 | train_loss: 0.4035 | val_loss: 0.3870 | val_dice: 0.7681
New best! Saved (val_dice: 0.7681)
Epoch 15/100 | train_loss: 0.3992 | val_loss: 0.3890 | val_dice: 0.7623
Epoch 16/100 | train_loss: 0.3961 | val_loss: 0.3910 | val_dice: 0.7568
Epoch 17/100 | train_loss: 0.3949 | val_loss: 0.3756 | val_dice: 0.7676
Epoch 18/100 | train_loss: 0.3896 | val_loss: 0.3742 | val_dice: 0.7738
New best! Saved (val_dice: 0.7738)
Epoch 19/100 | train_loss: 0.3872 | val_loss: 0.3736 | val_dice: 0.7711
Epoch 20/100 | train_loss: 0.3822 | val_loss: 0.3768 | val_dice: 0.7727
Epoch 21/100 | train_loss: 0.3771 | val_loss: 0.3735 | val_dice: 0.7737
Epoch 22/100 | train_loss: 0.3751 | val_loss: 0.3706 | val_dice: 0.7750
New best! Saved (val_dice: 0.7750)
Epoch 23/100 | train_loss: 0.3707 | val_loss: 0.3684 | val_dice: 0.7752
New best! Saved (val_dice: 0.7752)
Epoch 24/100 | train_loss: 0.3705 | val_loss: 0.3670 | val_dice: 0.7764
New best! Saved (val_dice: 0.7764)
Epoch 25/100 | train_loss: 0.3672 | val_loss: 0.3600 | val_dice: 0.7791
New best! Saved (val_dice: 0.7791)
Epoch 26/100 | train_loss: 0.3599 | val_loss: 0.3579 | val_dice: 0.7805
New best! Saved (val_dice: 0.7805)
Epoch 27/100 | train_loss: 0.3568 | val_loss: 0.3603 | val_dice: 0.7772
Epoch 28/100 | train_loss: 0.3558 | val_loss: 0.3623 | val_dice: 0.7703
Epoch 29/100 | train_loss: 0.3509 | val_loss: 0.3557 | val_dice: 0.7807
New best! Saved (val_dice: 0.7807)
Epoch 30/100 | train_loss: 0.3495 | val_loss: 0.3472 | val_dice: 0.7848
New best! Saved (val_dice: 0.7848)
Epoch 31/100 | train_loss: 0.3473 | val_loss: 0.3509 | val_dice: 0.7785
Epoch 32/100 | train_loss: 0.3406 | val_loss: 0.3575 | val_dice: 0.7743
Epoch 33/100 | train_loss: 0.3387 | val_loss: 0.3481 | val_dice: 0.7812
Epoch 34/100 | train_loss: 0.3396 | val_loss: 0.3459 | val_dice: 0.7786
Epoch 35/100 | train_loss: 0.3373 | val_loss: 0.3439 | val_dice: 0.7810
Epoch 36/100 | train_loss: 0.3343 | val_loss: 0.3470 | val_dice: 0.7786
Epoch 37/100 | train_loss: 0.3301 | val_loss: 0.3453 | val_dice: 0.7818
Epoch 38/100 | train_loss: 0.3282 | val_loss: 0.3376 | val_dice: 0.7823
Epoch 39/100 | train_loss: 0.3240 | val_loss: 0.3505 | val_dice: 0.7707
Epoch 40/100 | train_loss: 0.3225 | val_loss: 0.3324 | val_dice: 0.7805
Early stopping at epoch 40
Saved training curve to /users/egottfri/code/octa-segmentation/results/rose1_ablation/preprocessed/attention_unet/training_curve_fold1.png
Fold 1 best Dice: 0.7848

==================================================
FOLD 2/5
==================================================
Epoch 1/100 | train_loss: 0.6314 | val_loss: 0.6985 | val_dice: 0.0205
New best! Saved (val_dice: 0.0205)
Epoch 2/100 | train_loss: 0.5405 | val_loss: 0.6835 | val_dice: 0.0189
Epoch 3/100 | train_loss: 0.5025 | val_loss: 0.6514 | val_dice: 0.1092
New best! Saved (val_dice: 0.1092)
Epoch 4/100 | train_loss: 0.4797 | val_loss: 0.6020 | val_dice: 0.3017
New best! Saved (val_dice: 0.3017)
Epoch 5/100 | train_loss: 0.4640 | val_loss: 0.5505 | val_dice: 0.4181
New best! Saved (val_dice: 0.4181)
Epoch 6/100 | train_loss: 0.4517 | val_loss: 0.4878 | val_dice: 0.6071
New best! Saved (val_dice: 0.6071)
Epoch 7/100 | train_loss: 0.4440 | val_loss: 0.4377 | val_dice: 0.7096
New best! Saved (val_dice: 0.7096)
Epoch 8/100 | train_loss: 0.4331 | val_loss: 0.4276 | val_dice: 0.7188
New best! Saved (val_dice: 0.7188)
Epoch 9/100 | train_loss: 0.4250 | val_loss: 0.4157 | val_dice: 0.7280
New best! Saved (val_dice: 0.7280)
Epoch 10/100 | train_loss: 0.4170 | val_loss: 0.4074 | val_dice: 0.7399
New best! Saved (val_dice: 0.7399)
Epoch 11/100 | train_loss: 0.4110 | val_loss: 0.4024 | val_dice: 0.7374
Epoch 12/100 | train_loss: 0.4051 | val_loss: 0.4071 | val_dice: 0.7354
Epoch 13/100 | train_loss: 0.4008 | val_loss: 0.4116 | val_dice: 0.7295
Epoch 14/100 | train_loss: 0.3948 | val_loss: 0.3911 | val_dice: 0.7535
New best! Saved (val_dice: 0.7535)
Epoch 15/100 | train_loss: 0.3920 | val_loss: 0.4044 | val_dice: 0.7288
Epoch 16/100 | train_loss: 0.3879 | val_loss: 0.3937 | val_dice: 0.7443
Epoch 17/100 | train_loss: 0.3807 | val_loss: 0.3943 | val_dice: 0.7418
Epoch 18/100 | train_loss: 0.3825 | val_loss: 0.3775 | val_dice: 0.7598
New best! Saved (val_dice: 0.7598)
Epoch 19/100 | train_loss: 0.3743 | val_loss: 0.3795 | val_dice: 0.7538
Epoch 20/100 | train_loss: 0.3722 | val_loss: 0.3792 | val_dice: 0.7582
Epoch 21/100 | train_loss: 0.3675 | val_loss: 0.3750 | val_dice: 0.7588
Epoch 22/100 | train_loss: 0.3635 | val_loss: 0.3760 | val_dice: 0.7567
Epoch 23/100 | train_loss: 0.3586 | val_loss: 0.3692 | val_dice: 0.7620
New best! Saved (val_dice: 0.7620)
Epoch 24/100 | train_loss: 0.3574 | val_loss: 0.3652 | val_dice: 0.7655
New best! Saved (val_dice: 0.7655)
Epoch 25/100 | train_loss: 0.3536 | val_loss: 0.3618 | val_dice: 0.7669
New best! Saved (val_dice: 0.7669)
Epoch 26/100 | train_loss: 0.3510 | val_loss: 0.3625 | val_dice: 0.7670
New best! Saved (val_dice: 0.7670)
Epoch 27/100 | train_loss: 0.3532 | val_loss: 0.3593 | val_dice: 0.7637
Epoch 28/100 | train_loss: 0.3490 | val_loss: 0.3539 | val_dice: 0.7678
New best! Saved (val_dice: 0.7678)
Epoch 29/100 | train_loss: 0.3421 | val_loss: 0.3601 | val_dice: 0.7659
Epoch 30/100 | train_loss: 0.3399 | val_loss: 0.3601 | val_dice: 0.7623
Epoch 31/100 | train_loss: 0.3357 | val_loss: 0.3570 | val_dice: 0.7640
Epoch 32/100 | train_loss: 0.3376 | val_loss: 0.3470 | val_dice: 0.7704
New best! Saved (val_dice: 0.7704)
Epoch 33/100 | train_loss: 0.3272 | val_loss: 0.3497 | val_dice: 0.7669
Epoch 34/100 | train_loss: 0.3321 | val_loss: 0.3524 | val_dice: 0.7621
Epoch 35/100 | train_loss: 0.3272 | val_loss: 0.3512 | val_dice: 0.7645
Epoch 36/100 | train_loss: 0.3256 | val_loss: 0.3449 | val_dice: 0.7706
New best! Saved (val_dice: 0.7706)
Epoch 37/100 | train_loss: 0.3236 | val_loss: 0.3399 | val_dice: 0.7698
Epoch 38/100 | train_loss: 0.3199 | val_loss: 0.3394 | val_dice: 0.7712
New best! Saved (val_dice: 0.7712)
Epoch 39/100 | train_loss: 0.3149 | val_loss: 0.3381 | val_dice: 0.7744
New best! Saved (val_dice: 0.7744)
Epoch 40/100 | train_loss: 0.3164 | val_loss: 0.3388 | val_dice: 0.7723
Epoch 41/100 | train_loss: 0.3103 | val_loss: 0.3408 | val_dice: 0.7670
Epoch 42/100 | train_loss: 0.3106 | val_loss: 0.3471 | val_dice: 0.7627
Epoch 43/100 | train_loss: 0.3074 | val_loss: 0.3339 | val_dice: 0.7684
Epoch 44/100 | train_loss: 0.3054 | val_loss: 0.3373 | val_dice: 0.7680
Epoch 45/100 | train_loss: 0.2999 | val_loss: 0.3304 | val_dice: 0.7665
Epoch 46/100 | train_loss: 0.3002 | val_loss: 0.3491 | val_dice: 0.7574
Epoch 47/100 | train_loss: 0.2966 | val_loss: 0.3389 | val_dice: 0.7651
Epoch 48/100 | train_loss: 0.2943 | val_loss: 0.3293 | val_dice: 0.7639
Epoch 49/100 | train_loss: 0.2940 | val_loss: 0.3213 | val_dice: 0.7678
Early stopping at epoch 49
Saved training curve to /users/egottfri/code/octa-segmentation/results/rose1_ablation/preprocessed/attention_unet/training_curve_fold2.png
Fold 2 best Dice: 0.7744

==================================================
FOLD 3/5
==================================================
Epoch 1/100 | train_loss: 0.6144 | val_loss: 0.6906 | val_dice: 0.0000
New best! Saved (val_dice: 0.0000)
Epoch 2/100 | train_loss: 0.5253 | val_loss: 0.6757 | val_dice: 0.0000
Epoch 3/100 | train_loss: 0.4870 | val_loss: 0.6483 | val_dice: 0.0000
Epoch 4/100 | train_loss: 0.4638 | val_loss: 0.6216 | val_dice: 0.0000
Epoch 5/100 | train_loss: 0.4469 | val_loss: 0.5979 | val_dice: 0.0015
New best! Saved (val_dice: 0.0015)
Epoch 6/100 | train_loss: 0.4338 | val_loss: 0.5307 | val_dice: 0.3890
New best! Saved (val_dice: 0.3890)
Epoch 7/100 | train_loss: 0.4208 | val_loss: 0.4540 | val_dice: 0.5877
New best! Saved (val_dice: 0.5877)
Epoch 8/100 | train_loss: 0.4089 | val_loss: 0.4183 | val_dice: 0.6661
New best! Saved (val_dice: 0.6661)
Epoch 9/100 | train_loss: 0.3986 | val_loss: 0.3854 | val_dice: 0.7468
New best! Saved (val_dice: 0.7468)
Epoch 10/100 | train_loss: 0.3926 | val_loss: 0.3704 | val_dice: 0.7630
New best! Saved (val_dice: 0.7630)
Epoch 11/100 | train_loss: 0.3841 | val_loss: 0.3632 | val_dice: 0.7732
New best! Saved (val_dice: 0.7732)
Epoch 12/100 | train_loss: 0.3800 | val_loss: 0.3568 | val_dice: 0.7765
New best! Saved (val_dice: 0.7765)
Epoch 13/100 | train_loss: 0.3727 | val_loss: 0.3508 | val_dice: 0.7818
New best! Saved (val_dice: 0.7818)
Epoch 14/100 | train_loss: 0.3689 | val_loss: 0.3537 | val_dice: 0.7744
Epoch 15/100 | train_loss: 0.3675 | val_loss: 0.3525 | val_dice: 0.7775
Epoch 16/100 | train_loss: 0.3619 | val_loss: 0.3404 | val_dice: 0.7851
New best! Saved (val_dice: 0.7851)
Epoch 17/100 | train_loss: 0.3576 | val_loss: 0.3364 | val_dice: 0.7854
New best! Saved (val_dice: 0.7854)
Epoch 18/100 | train_loss: 0.3558 | val_loss: 0.3326 | val_dice: 0.7846
Epoch 19/100 | train_loss: 0.3523 | val_loss: 0.3382 | val_dice: 0.7848
Epoch 20/100 | train_loss: 0.3479 | val_loss: 0.3366 | val_dice: 0.7858
New best! Saved (val_dice: 0.7858)
Epoch 21/100 | train_loss: 0.3445 | val_loss: 0.3358 | val_dice: 0.7865
New best! Saved (val_dice: 0.7865)
Epoch 22/100 | train_loss: 0.3415 | val_loss: 0.3332 | val_dice: 0.7866
New best! Saved (val_dice: 0.7866)
Epoch 23/100 | train_loss: 0.3391 | val_loss: 0.3314 | val_dice: 0.7887
New best! Saved (val_dice: 0.7887)
Epoch 24/100 | train_loss: 0.3355 | val_loss: 0.3331 | val_dice: 0.7781
Epoch 25/100 | train_loss: 0.3340 | val_loss: 0.3307 | val_dice: 0.7868
Epoch 26/100 | train_loss: 0.3335 | val_loss: 0.3270 | val_dice: 0.7848
Epoch 27/100 | train_loss: 0.3282 | val_loss: 0.3256 | val_dice: 0.7902
New best! Saved (val_dice: 0.7902)
Epoch 28/100 | train_loss: 0.3257 | val_loss: 0.3244 | val_dice: 0.7851
Epoch 29/100 | train_loss: 0.3234 | val_loss: 0.3263 | val_dice: 0.7889
Epoch 30/100 | train_loss: 0.3191 | val_loss: 0.3235 | val_dice: 0.7872
Epoch 31/100 | train_loss: 0.3205 | val_loss: 0.3198 | val_dice: 0.7868
Epoch 32/100 | train_loss: 0.3157 | val_loss: 0.3179 | val_dice: 0.7893
Epoch 33/100 | train_loss: 0.3129 | val_loss: 0.3211 | val_dice: 0.7885
Epoch 34/100 | train_loss: 0.3099 | val_loss: 0.3234 | val_dice: 0.7871
Epoch 35/100 | train_loss: 0.3106 | val_loss: 0.3180 | val_dice: 0.7896
Epoch 36/100 | train_loss: 0.3091 | val_loss: 0.3147 | val_dice: 0.7882
Epoch 37/100 | train_loss: 0.3090 | val_loss: 0.3139 | val_dice: 0.7860
Early stopping at epoch 37
Saved training curve to /users/egottfri/code/octa-segmentation/results/rose1_ablation/preprocessed/attention_unet/training_curve_fold3.png
Fold 3 best Dice: 0.7902

==================================================
FOLD 4/5
==================================================
Epoch 1/100 | train_loss: 0.6765 | val_loss: 0.7147 | val_dice: 0.3202
New best! Saved (val_dice: 0.3202)
Epoch 2/100 | train_loss: 0.5793 | val_loss: 0.7005 | val_dice: 0.6255
New best! Saved (val_dice: 0.6255)
Epoch 3/100 | train_loss: 0.5387 | val_loss: 0.6665 | val_dice: 0.4554
Epoch 4/100 | train_loss: 0.5181 | val_loss: 0.6214 | val_dice: 0.4024
Epoch 5/100 | train_loss: 0.5023 | val_loss: 0.5787 | val_dice: 0.5574
Epoch 6/100 | train_loss: 0.4910 | val_loss: 0.5292 | val_dice: 0.5951
Epoch 7/100 | train_loss: 0.4825 | val_loss: 0.4939 | val_dice: 0.6632
New best! Saved (val_dice: 0.6632)
Epoch 8/100 | train_loss: 0.4735 | val_loss: 0.4586 | val_dice: 0.7029
New best! Saved (val_dice: 0.7029)
Epoch 9/100 | train_loss: 0.4662 | val_loss: 0.4566 | val_dice: 0.7267
New best! Saved (val_dice: 0.7267)
Epoch 10/100 | train_loss: 0.4589 | val_loss: 0.4508 | val_dice: 0.7307
New best! Saved (val_dice: 0.7307)
Epoch 11/100 | train_loss: 0.4530 | val_loss: 0.4528 | val_dice: 0.7276
Epoch 12/100 | train_loss: 0.4477 | val_loss: 0.4536 | val_dice: 0.7272
Epoch 13/100 | train_loss: 0.4416 | val_loss: 0.4539 | val_dice: 0.7333
New best! Saved (val_dice: 0.7333)
Epoch 14/100 | train_loss: 0.4388 | val_loss: 0.4444 | val_dice: 0.7434
New best! Saved (val_dice: 0.7434)
Epoch 15/100 | train_loss: 0.4338 | val_loss: 0.4429 | val_dice: 0.7433
Epoch 16/100 | train_loss: 0.4292 | val_loss: 0.4404 | val_dice: 0.7496
New best! Saved (val_dice: 0.7496)
Epoch 17/100 | train_loss: 0.4255 | val_loss: 0.4372 | val_dice: 0.7478
Epoch 18/100 | train_loss: 0.4224 | val_loss: 0.4352 | val_dice: 0.7502
New best! Saved (val_dice: 0.7502)
Epoch 19/100 | train_loss: 0.4199 | val_loss: 0.4222 | val_dice: 0.7593
New best! Saved (val_dice: 0.7593)
Epoch 20/100 | train_loss: 0.4175 | val_loss: 0.4366 | val_dice: 0.7422
Epoch 21/100 | train_loss: 0.4121 | val_loss: 0.4302 | val_dice: 0.7534
Epoch 22/100 | train_loss: 0.4118 | val_loss: 0.4198 | val_dice: 0.7580
Epoch 23/100 | train_loss: 0.4065 | val_loss: 0.4120 | val_dice: 0.7604
New best! Saved (val_dice: 0.7604)
Epoch 24/100 | train_loss: 0.4019 | val_loss: 0.4216 | val_dice: 0.7533
Epoch 25/100 | train_loss: 0.4023 | val_loss: 0.4122 | val_dice: 0.7640
New best! Saved (val_dice: 0.7640)
Epoch 26/100 | train_loss: 0.3968 | val_loss: 0.4053 | val_dice: 0.7692
New best! Saved (val_dice: 0.7692)
Epoch 27/100 | train_loss: 0.3960 | val_loss: 0.3994 | val_dice: 0.7611
Epoch 28/100 | train_loss: 0.3927 | val_loss: 0.4014 | val_dice: 0.7669
Epoch 29/100 | train_loss: 0.3916 | val_loss: 0.3984 | val_dice: 0.7649
Epoch 30/100 | train_loss: 0.3869 | val_loss: 0.4030 | val_dice: 0.7615
Epoch 31/100 | train_loss: 0.3811 | val_loss: 0.3995 | val_dice: 0.7668
Epoch 32/100 | train_loss: 0.3803 | val_loss: 0.3917 | val_dice: 0.7680
Epoch 33/100 | train_loss: 0.3791 | val_loss: 0.4039 | val_dice: 0.7500
Epoch 34/100 | train_loss: 0.3752 | val_loss: 0.3896 | val_dice: 0.7692
Epoch 35/100 | train_loss: 0.3706 | val_loss: 0.3926 | val_dice: 0.7634
Epoch 36/100 | train_loss: 0.3718 | val_loss: 0.4001 | val_dice: 0.7552
Early stopping at epoch 36
Saved training curve to /users/egottfri/code/octa-segmentation/results/rose1_ablation/preprocessed/attention_unet/training_curve_fold4.png
Fold 4 best Dice: 0.7692

==================================================
FOLD 5/5
==================================================
Epoch 1/100 | train_loss: 0.6640 | val_loss: 0.7110 | val_dice: 0.3272
New best! Saved (val_dice: 0.3272)
Epoch 2/100 | train_loss: 0.5729 | val_loss: 0.6883 | val_dice: 0.1495
Epoch 3/100 | train_loss: 0.5294 | val_loss: 0.6584 | val_dice: 0.0214
Epoch 4/100 | train_loss: 0.5069 | val_loss: 0.6276 | val_dice: 0.1373
Epoch 5/100 | train_loss: 0.4911 | val_loss: 0.5943 | val_dice: 0.2437
Epoch 6/100 | train_loss: 0.4787 | val_loss: 0.5382 | val_dice: 0.5146
New best! Saved (val_dice: 0.5146)
Epoch 7/100 | train_loss: 0.4725 | val_loss: 0.4881 | val_dice: 0.6048
New best! Saved (val_dice: 0.6048)
Epoch 8/100 | train_loss: 0.4609 | val_loss: 0.4554 | val_dice: 0.7103
New best! Saved (val_dice: 0.7103)
Epoch 9/100 | train_loss: 0.4529 | val_loss: 0.4403 | val_dice: 0.7212
New best! Saved (val_dice: 0.7212)
Epoch 10/100 | train_loss: 0.4463 | val_loss: 0.4365 | val_dice: 0.7290
New best! Saved (val_dice: 0.7290)
Epoch 11/100 | train_loss: 0.4399 | val_loss: 0.4353 | val_dice: 0.7367
New best! Saved (val_dice: 0.7367)
Epoch 12/100 | train_loss: 0.4353 | val_loss: 0.4398 | val_dice: 0.7281
Epoch 13/100 | train_loss: 0.4326 | val_loss: 0.4395 | val_dice: 0.7283
Epoch 14/100 | train_loss: 0.4266 | val_loss: 0.4373 | val_dice: 0.7349
Epoch 15/100 | train_loss: 0.4218 | val_loss: 0.4281 | val_dice: 0.7429
New best! Saved (val_dice: 0.7429)
Epoch 16/100 | train_loss: 0.4179 | val_loss: 0.4195 | val_dice: 0.7501
New best! Saved (val_dice: 0.7501)
Epoch 17/100 | train_loss: 0.4176 | val_loss: 0.4240 | val_dice: 0.7452
Epoch 18/100 | train_loss: 0.4114 | val_loss: 0.4157 | val_dice: 0.7571
New best! Saved (val_dice: 0.7571)
Epoch 19/100 | train_loss: 0.4080 | val_loss: 0.4120 | val_dice: 0.7622
New best! Saved (val_dice: 0.7622)
Epoch 20/100 | train_loss: 0.4055 | val_loss: 0.4390 | val_dice: 0.7154
Epoch 21/100 | train_loss: 0.4040 | val_loss: 0.4098 | val_dice: 0.7558
Epoch 22/100 | train_loss: 0.3994 | val_loss: 0.4033 | val_dice: 0.7553
Epoch 23/100 | train_loss: 0.3945 | val_loss: 0.4029 | val_dice: 0.7581
Epoch 24/100 | train_loss: 0.3904 | val_loss: 0.4003 | val_dice: 0.7676
New best! Saved (val_dice: 0.7676)
Epoch 25/100 | train_loss: 0.3903 | val_loss: 0.3928 | val_dice: 0.7648
Epoch 26/100 | train_loss: 0.3880 | val_loss: 0.4050 | val_dice: 0.7457
Epoch 27/100 | train_loss: 0.3816 | val_loss: 0.3919 | val_dice: 0.7612
Epoch 28/100 | train_loss: 0.3831 | val_loss: 0.3873 | val_dice: 0.7689
New best! Saved (val_dice: 0.7689)
Epoch 29/100 | train_loss: 0.3767 | val_loss: 0.3921 | val_dice: 0.7618
Epoch 30/100 | train_loss: 0.3747 | val_loss: 0.3907 | val_dice: 0.7635
Epoch 31/100 | train_loss: 0.3676 | val_loss: 0.3875 | val_dice: 0.7644
Epoch 32/100 | train_loss: 0.3645 | val_loss: 0.3917 | val_dice: 0.7589
Epoch 33/100 | train_loss: 0.3665 | val_loss: 0.3797 | val_dice: 0.7671
Epoch 34/100 | train_loss: 0.3626 | val_loss: 0.3834 | val_dice: 0.7634
Epoch 35/100 | train_loss: 0.3584 | val_loss: 0.3775 | val_dice: 0.7677
Epoch 36/100 | train_loss: 0.3531 | val_loss: 0.3705 | val_dice: 0.7740
New best! Saved (val_dice: 0.7740)
Epoch 37/100 | train_loss: 0.3518 | val_loss: 0.3705 | val_dice: 0.7732
Epoch 38/100 | train_loss: 0.3491 | val_loss: 0.3717 | val_dice: 0.7709
Epoch 39/100 | train_loss: 0.3491 | val_loss: 0.3657 | val_dice: 0.7735
Epoch 40/100 | train_loss: 0.3467 | val_loss: 0.3658 | val_dice: 0.7694
Epoch 41/100 | train_loss: 0.3431 | val_loss: 0.3764 | val_dice: 0.7629
Epoch 42/100 | train_loss: 0.3402 | val_loss: 0.3672 | val_dice: 0.7713
Epoch 43/100 | train_loss: 0.3350 | val_loss: 0.3597 | val_dice: 0.7726
Epoch 44/100 | train_loss: 0.3344 | val_loss: 0.3632 | val_dice: 0.7713
Epoch 45/100 | train_loss: 0.3342 | val_loss: 0.3582 | val_dice: 0.7724
Epoch 46/100 | train_loss: 0.3273 | val_loss: 0.3743 | val_dice: 0.7624
Early stopping at epoch 46
Saved training curve to /users/egottfri/code/octa-segmentation/results/rose1_ablation/preprocessed/attention_unet/training_curve_fold5.png
Fold 5 best Dice: 0.7740

==================================================
K-FOLD RESULTS: 0.7785 ± 0.0078
Individual folds: ['0.7848', '0.7744', '0.7902', '0.7692', '0.7740']
==================================================
[train] preprocessed / res_unet

==================================================
FOLD 1/5
==================================================
Epoch 1/100 | train_loss: 0.6182 | val_loss: 0.7066 | val_dice: 0.4482
New best! Saved (val_dice: 0.4482)
Epoch 2/100 | train_loss: 0.5034 | val_loss: 0.6634 | val_dice: 0.0092
Epoch 3/100 | train_loss: 0.4553 | val_loss: 0.6042 | val_dice: 0.0022
Epoch 4/100 | train_loss: 0.4168 | val_loss: 0.5591 | val_dice: 0.0711
Epoch 5/100 | train_loss: 0.3898 | val_loss: 0.5313 | val_dice: 0.1770
Epoch 6/100 | train_loss: 0.3634 | val_loss: 0.7476 | val_dice: 0.0005
Epoch 7/100 | train_loss: 0.3382 | val_loss: 0.4782 | val_dice: 0.4130
Epoch 8/100 | train_loss: 0.3209 | val_loss: 0.3282 | val_dice: 0.6882
New best! Saved (val_dice: 0.6882)
Epoch 9/100 | train_loss: 0.3073 | val_loss: 0.3055 | val_dice: 0.7142
New best! Saved (val_dice: 0.7142)
Epoch 10/100 | train_loss: 0.2957 | val_loss: 0.2741 | val_dice: 0.7533
New best! Saved (val_dice: 0.7533)
Epoch 11/100 | train_loss: 0.2886 | val_loss: 0.2706 | val_dice: 0.7502
Epoch 12/100 | train_loss: 0.2817 | val_loss: 0.2682 | val_dice: 0.7585
New best! Saved (val_dice: 0.7585)
Epoch 13/100 | train_loss: 0.2776 | val_loss: 0.2624 | val_dice: 0.7556
Epoch 14/100 | train_loss: 0.2716 | val_loss: 0.2518 | val_dice: 0.7682
New best! Saved (val_dice: 0.7682)
Epoch 15/100 | train_loss: 0.2695 | val_loss: 0.2533 | val_dice: 0.7715
New best! Saved (val_dice: 0.7715)
Epoch 16/100 | train_loss: 0.2654 | val_loss: 0.2711 | val_dice: 0.7548
Epoch 17/100 | train_loss: 0.2678 | val_loss: 0.2451 | val_dice: 0.7747
New best! Saved (val_dice: 0.7747)
Epoch 18/100 | train_loss: 0.2634 | val_loss: 0.2424 | val_dice: 0.7793
New best! Saved (val_dice: 0.7793)
Epoch 19/100 | train_loss: 0.2595 | val_loss: 0.2396 | val_dice: 0.7806
New best! Saved (val_dice: 0.7806)
Epoch 20/100 | train_loss: 0.2583 | val_loss: 0.2443 | val_dice: 0.7780
Epoch 21/100 | train_loss: 0.2584 | val_loss: 0.2396 | val_dice: 0.7799
Epoch 22/100 | train_loss: 0.2566 | val_loss: 0.2430 | val_dice: 0.7752
Epoch 23/100 | train_loss: 0.2516 | val_loss: 0.2356 | val_dice: 0.7844
New best! Saved (val_dice: 0.7844)
Epoch 24/100 | train_loss: 0.2502 | val_loss: 0.2343 | val_dice: 0.7864
New best! Saved (val_dice: 0.7864)
Epoch 25/100 | train_loss: 0.2515 | val_loss: 0.2406 | val_dice: 0.7820
Epoch 26/100 | train_loss: 0.2489 | val_loss: 0.2428 | val_dice: 0.7725
Epoch 27/100 | train_loss: 0.2466 | val_loss: 0.2337 | val_dice: 0.7849
Epoch 28/100 | train_loss: 0.2493 | val_loss: 0.2346 | val_dice: 0.7869
New best! Saved (val_dice: 0.7869)
Epoch 29/100 | train_loss: 0.2501 | val_loss: 0.2515 | val_dice: 0.7618
Epoch 30/100 | train_loss: 0.2505 | val_loss: 0.2371 | val_dice: 0.7856
Epoch 31/100 | train_loss: 0.2461 | val_loss: 0.2415 | val_dice: 0.7779
Epoch 32/100 | train_loss: 0.2437 | val_loss: 0.2425 | val_dice: 0.7706
Epoch 33/100 | train_loss: 0.2394 | val_loss: 0.2325 | val_dice: 0.7871
New best! Saved (val_dice: 0.7871)
Epoch 34/100 | train_loss: 0.2424 | val_loss: 0.2362 | val_dice: 0.7853
Epoch 35/100 | train_loss: 0.2383 | val_loss: 0.2356 | val_dice: 0.7809
Epoch 36/100 | train_loss: 0.2347 | val_loss: 0.2334 | val_dice: 0.7845
Epoch 37/100 | train_loss: 0.2364 | val_loss: 0.2356 | val_dice: 0.7815
Epoch 38/100 | train_loss: 0.2374 | val_loss: 0.2328 | val_dice: 0.7865
Epoch 39/100 | train_loss: 0.2311 | val_loss: 0.2331 | val_dice: 0.7865
Epoch 40/100 | train_loss: 0.2333 | val_loss: 0.2339 | val_dice: 0.7852
Epoch 41/100 | train_loss: 0.2294 | val_loss: 0.2302 | val_dice: 0.7898
New best! Saved (val_dice: 0.7898)
Epoch 42/100 | train_loss: 0.2284 | val_loss: 0.2306 | val_dice: 0.7891
Epoch 43/100 | train_loss: 0.2243 | val_loss: 0.2308 | val_dice: 0.7876
Epoch 44/100 | train_loss: 0.2248 | val_loss: 0.2475 | val_dice: 0.7764
Epoch 45/100 | train_loss: 0.2257 | val_loss: 0.2291 | val_dice: 0.7899
New best! Saved (val_dice: 0.7899)
Epoch 46/100 | train_loss: 0.2228 | val_loss: 0.2340 | val_dice: 0.7854
Epoch 47/100 | train_loss: 0.2280 | val_loss: 0.2352 | val_dice: 0.7871
Epoch 48/100 | train_loss: 0.2206 | val_loss: 0.2292 | val_dice: 0.7895
Epoch 49/100 | train_loss: 0.2170 | val_loss: 0.2373 | val_dice: 0.7787
Epoch 50/100 | train_loss: 0.2208 | val_loss: 0.2349 | val_dice: 0.7867
Epoch 51/100 | train_loss: 0.2236 | val_loss: 0.2330 | val_dice: 0.7861
Epoch 52/100 | train_loss: 0.2141 | val_loss: 0.2304 | val_dice: 0.7892
Epoch 53/100 | train_loss: 0.2120 | val_loss: 0.2407 | val_dice: 0.7757
Epoch 54/100 | train_loss: 0.2172 | val_loss: 0.2384 | val_dice: 0.7842
Epoch 55/100 | train_loss: 0.2159 | val_loss: 0.2375 | val_dice: 0.7835
Early stopping at epoch 55
Saved training curve to /users/egottfri/code/octa-segmentation/results/rose1_ablation/preprocessed/res_unet/training_curve_fold1.png
Fold 1 best Dice: 0.7899

==================================================
FOLD 2/5
==================================================
Epoch 1/100 | train_loss: 0.6211 | val_loss: 0.7021 | val_dice: 0.3340
New best! Saved (val_dice: 0.3340)
Epoch 2/100 | train_loss: 0.5346 | val_loss: 0.6703 | val_dice: 0.0059
Epoch 3/100 | train_loss: 0.4914 | val_loss: 0.6242 | val_dice: 0.0009
Epoch 4/100 | train_loss: 0.4522 | val_loss: 0.5895 | val_dice: 0.0055
Epoch 5/100 | train_loss: 0.4185 | val_loss: 0.5631 | val_dice: 0.0609
Epoch 6/100 | train_loss: 0.3813 | val_loss: 0.6002 | val_dice: 0.0109
Epoch 7/100 | train_loss: 0.3495 | val_loss: 0.5534 | val_dice: 0.2569
Epoch 8/100 | train_loss: 0.3187 | val_loss: 0.3802 | val_dice: 0.6269
New best! Saved (val_dice: 0.6269)
Epoch 9/100 | train_loss: 0.3035 | val_loss: 0.3711 | val_dice: 0.6342
New best! Saved (val_dice: 0.6342)
Epoch 10/100 | train_loss: 0.2924 | val_loss: 0.3424 | val_dice: 0.6617
New best! Saved (val_dice: 0.6617)
Epoch 11/100 | train_loss: 0.2809 | val_loss: 0.2901 | val_dice: 0.7401
New best! Saved (val_dice: 0.7401)
Epoch 12/100 | train_loss: 0.2766 | val_loss: 0.2844 | val_dice: 0.7489
New best! Saved (val_dice: 0.7489)
Epoch 13/100 | train_loss: 0.2678 | val_loss: 0.2800 | val_dice: 0.7520
New best! Saved (val_dice: 0.7520)
Epoch 14/100 | train_loss: 0.2673 | val_loss: 0.2815 | val_dice: 0.7528
New best! Saved (val_dice: 0.7528)
Epoch 15/100 | train_loss: 0.2652 | val_loss: 0.2701 | val_dice: 0.7605
New best! Saved (val_dice: 0.7605)
Epoch 16/100 | train_loss: 0.2603 | val_loss: 0.2688 | val_dice: 0.7584
Epoch 17/100 | train_loss: 0.2587 | val_loss: 0.2881 | val_dice: 0.7482
Epoch 18/100 | train_loss: 0.2546 | val_loss: 0.2824 | val_dice: 0.7520
Epoch 19/100 | train_loss: 0.2556 | val_loss: 0.2625 | val_dice: 0.7671
New best! Saved (val_dice: 0.7671)
Epoch 20/100 | train_loss: 0.2552 | val_loss: 0.2713 | val_dice: 0.7637
Epoch 21/100 | train_loss: 0.2505 | val_loss: 0.2681 | val_dice: 0.7558
Epoch 22/100 | train_loss: 0.2498 | val_loss: 0.2585 | val_dice: 0.7719
New best! Saved (val_dice: 0.7719)
Epoch 23/100 | train_loss: 0.2474 | val_loss: 0.2635 | val_dice: 0.7627
Epoch 24/100 | train_loss: 0.2455 | val_loss: 0.2634 | val_dice: 0.7688
Epoch 25/100 | train_loss: 0.2442 | val_loss: 0.2672 | val_dice: 0.7660
Epoch 26/100 | train_loss: 0.2427 | val_loss: 0.2552 | val_dice: 0.7732
New best! Saved (val_dice: 0.7732)
Epoch 27/100 | train_loss: 0.2439 | val_loss: 0.2553 | val_dice: 0.7752
New best! Saved (val_dice: 0.7752)
Epoch 28/100 | train_loss: 0.2410 | val_loss: 0.2534 | val_dice: 0.7764
New best! Saved (val_dice: 0.7764)
Epoch 29/100 | train_loss: 0.2403 | val_loss: 0.2544 | val_dice: 0.7741
Epoch 30/100 | train_loss: 0.2402 | val_loss: 0.2565 | val_dice: 0.7753
Epoch 31/100 | train_loss: 0.2385 | val_loss: 0.2541 | val_dice: 0.7747
Epoch 32/100 | train_loss: 0.2431 | val_loss: 0.2652 | val_dice: 0.7564
Epoch 33/100 | train_loss: 0.2401 | val_loss: 0.2592 | val_dice: 0.7730
Epoch 34/100 | train_loss: 0.2355 | val_loss: 0.2541 | val_dice: 0.7762
Epoch 35/100 | train_loss: 0.2334 | val_loss: 0.2522 | val_dice: 0.7771
New best! Saved (val_dice: 0.7771)
Epoch 36/100 | train_loss: 0.2315 | val_loss: 0.2533 | val_dice: 0.7781
New best! Saved (val_dice: 0.7781)
Epoch 37/100 | train_loss: 0.2336 | val_loss: 0.2510 | val_dice: 0.7790
New best! Saved (val_dice: 0.7790)
Epoch 38/100 | train_loss: 0.2302 | val_loss: 0.2504 | val_dice: 0.7761
Epoch 39/100 | train_loss: 0.2267 | val_loss: 0.2569 | val_dice: 0.7752
Epoch 40/100 | train_loss: 0.2277 | val_loss: 0.2497 | val_dice: 0.7807
New best! Saved (val_dice: 0.7807)
Epoch 41/100 | train_loss: 0.2239 | val_loss: 0.2557 | val_dice: 0.7710
Epoch 42/100 | train_loss: 0.2273 | val_loss: 0.2542 | val_dice: 0.7735
Epoch 43/100 | train_loss: 0.2304 | val_loss: 0.2524 | val_dice: 0.7757
Epoch 44/100 | train_loss: 0.2276 | val_loss: 0.2636 | val_dice: 0.7711
Epoch 45/100 | train_loss: 0.2208 | val_loss: 0.2507 | val_dice: 0.7796
Epoch 46/100 | train_loss: 0.2270 | val_loss: 0.2530 | val_dice: 0.7758
Epoch 47/100 | train_loss: 0.2214 | val_loss: 0.2588 | val_dice: 0.7641
Epoch 48/100 | train_loss: 0.2221 | val_loss: 0.2529 | val_dice: 0.7739
Epoch 49/100 | train_loss: 0.2164 | val_loss: 0.2555 | val_dice: 0.7765
Epoch 50/100 | train_loss: 0.2148 | val_loss: 0.2550 | val_dice: 0.7745
Early stopping at epoch 50
Saved training curve to /users/egottfri/code/octa-segmentation/results/rose1_ablation/preprocessed/res_unet/training_curve_fold2.png
Fold 2 best Dice: 0.7807

==================================================
FOLD 3/5
==================================================
Epoch 1/100 | train_loss: 0.6256 | val_loss: 0.6803 | val_dice: 0.0000
New best! Saved (val_dice: 0.0000)
Epoch 2/100 | train_loss: 0.5172 | val_loss: 0.6533 | val_dice: 0.0000
Epoch 3/100 | train_loss: 0.4682 | val_loss: 0.6132 | val_dice: 0.0042
New best! Saved (val_dice: 0.0042)
Epoch 4/100 | train_loss: 0.4376 | val_loss: 0.5775 | val_dice: 0.0563
New best! Saved (val_dice: 0.0563)
Epoch 5/100 | train_loss: 0.4052 | val_loss: 0.5405 | val_dice: 0.2280
New best! Saved (val_dice: 0.2280)
Epoch 6/100 | train_loss: 0.3688 | val_loss: 0.6646 | val_dice: 0.0246
Epoch 7/100 | train_loss: 0.3398 | val_loss: 0.3557 | val_dice: 0.6600
New best! Saved (val_dice: 0.6600)
Epoch 8/100 | train_loss: 0.3192 | val_loss: 0.4150 | val_dice: 0.5349
Epoch 9/100 | train_loss: 0.3042 | val_loss: 0.3360 | val_dice: 0.6758
New best! Saved (val_dice: 0.6758)
Epoch 10/100 | train_loss: 0.2899 | val_loss: 0.3174 | val_dice: 0.6857
New best! Saved (val_dice: 0.6857)
Epoch 11/100 | train_loss: 0.2836 | val_loss: 0.2717 | val_dice: 0.7548
New best! Saved (val_dice: 0.7548)
Epoch 12/100 | train_loss: 0.2756 | val_loss: 0.2600 | val_dice: 0.7671
New best! Saved (val_dice: 0.7671)
Epoch 13/100 | train_loss: 0.2724 | val_loss: 0.2542 | val_dice: 0.7750
New best! Saved (val_dice: 0.7750)
Epoch 14/100 | train_loss: 0.2658 | val_loss: 0.2529 | val_dice: 0.7785
New best! Saved (val_dice: 0.7785)
Epoch 15/100 | train_loss: 0.2669 | val_loss: 0.2500 | val_dice: 0.7761
Epoch 16/100 | train_loss: 0.2595 | val_loss: 0.2455 | val_dice: 0.7815
New best! Saved (val_dice: 0.7815)
Epoch 17/100 | train_loss: 0.2577 | val_loss: 0.2451 | val_dice: 0.7816
New best! Saved (val_dice: 0.7816)
Epoch 18/100 | train_loss: 0.2562 | val_loss: 0.2435 | val_dice: 0.7815
Epoch 19/100 | train_loss: 0.2566 | val_loss: 0.2439 | val_dice: 0.7817
New best! Saved (val_dice: 0.7817)
Epoch 20/100 | train_loss: 0.2570 | val_loss: 0.2405 | val_dice: 0.7849
New best! Saved (val_dice: 0.7849)
Epoch 21/100 | train_loss: 0.2537 | val_loss: 0.2429 | val_dice: 0.7860
New best! Saved (val_dice: 0.7860)
Epoch 22/100 | train_loss: 0.2496 | val_loss: 0.2378 | val_dice: 0.7871
New best! Saved (val_dice: 0.7871)
Epoch 23/100 | train_loss: 0.2473 | val_loss: 0.2368 | val_dice: 0.7870
Epoch 24/100 | train_loss: 0.2483 | val_loss: 0.2542 | val_dice: 0.7624
Epoch 25/100 | train_loss: 0.2455 | val_loss: 0.2461 | val_dice: 0.7727
Epoch 26/100 | train_loss: 0.2442 | val_loss: 0.2386 | val_dice: 0.7829
Epoch 27/100 | train_loss: 0.2405 | val_loss: 0.2342 | val_dice: 0.7886
New best! Saved (val_dice: 0.7886)
Epoch 28/100 | train_loss: 0.2385 | val_loss: 0.2327 | val_dice: 0.7913
New best! Saved (val_dice: 0.7913)
Epoch 29/100 | train_loss: 0.2402 | val_loss: 0.2315 | val_dice: 0.7920
New best! Saved (val_dice: 0.7920)
Epoch 30/100 | train_loss: 0.2378 | val_loss: 0.2335 | val_dice: 0.7899
Epoch 31/100 | train_loss: 0.2404 | val_loss: 0.2387 | val_dice: 0.7808
Epoch 32/100 | train_loss: 0.2365 | val_loss: 0.2331 | val_dice: 0.7916
Epoch 33/100 | train_loss: 0.2359 | val_loss: 0.2364 | val_dice: 0.7848
Epoch 34/100 | train_loss: 0.2344 | val_loss: 0.2314 | val_dice: 0.7927
New best! Saved (val_dice: 0.7927)
Epoch 35/100 | train_loss: 0.2335 | val_loss: 0.2398 | val_dice: 0.7788
Epoch 36/100 | train_loss: 0.2374 | val_loss: 0.2347 | val_dice: 0.7904
Epoch 37/100 | train_loss: 0.2308 | val_loss: 0.2318 | val_dice: 0.7930
New best! Saved (val_dice: 0.7930)
Epoch 38/100 | train_loss: 0.2328 | val_loss: 0.2337 | val_dice: 0.7892
Epoch 39/100 | train_loss: 0.2316 | val_loss: 0.2375 | val_dice: 0.7905
Epoch 40/100 | train_loss: 0.2307 | val_loss: 0.2295 | val_dice: 0.7932
New best! Saved (val_dice: 0.7932)
Epoch 41/100 | train_loss: 0.2267 | val_loss: 0.2372 | val_dice: 0.7834
Epoch 42/100 | train_loss: 0.2253 | val_loss: 0.2354 | val_dice: 0.7842
Epoch 43/100 | train_loss: 0.2255 | val_loss: 0.2385 | val_dice: 0.7813
Epoch 44/100 | train_loss: 0.2248 | val_loss: 0.2309 | val_dice: 0.7913
Epoch 45/100 | train_loss: 0.2194 | val_loss: 0.2291 | val_dice: 0.7934
New best! Saved (val_dice: 0.7934)
Epoch 46/100 | train_loss: 0.2201 | val_loss: 0.2290 | val_dice: 0.7938
New best! Saved (val_dice: 0.7938)
Epoch 47/100 | train_loss: 0.2161 | val_loss: 0.2360 | val_dice: 0.7842
Epoch 48/100 | train_loss: 0.2172 | val_loss: 0.2314 | val_dice: 0.7937
Epoch 49/100 | train_loss: 0.2107 | val_loss: 0.2329 | val_dice: 0.7905
Epoch 50/100 | train_loss: 0.2152 | val_loss: 0.2321 | val_dice: 0.7921
Epoch 51/100 | train_loss: 0.2108 | val_loss: 0.2316 | val_dice: 0.7927
Epoch 52/100 | train_loss: 0.2119 | val_loss: 0.2357 | val_dice: 0.7866
Epoch 53/100 | train_loss: 0.2095 | val_loss: 0.2405 | val_dice: 0.7786
Epoch 54/100 | train_loss: 0.2117 | val_loss: 0.2340 | val_dice: 0.7862
Epoch 55/100 | train_loss: 0.2106 | val_loss: 0.2319 | val_dice: 0.7921
Epoch 56/100 | train_loss: 0.2116 | val_loss: 0.2320 | val_dice: 0.7899
Early stopping at epoch 56
Saved training curve to /users/egottfri/code/octa-segmentation/results/rose1_ablation/preprocessed/res_unet/training_curve_fold3.png
Fold 3 best Dice: 0.7938

==================================================
FOLD 4/5
==================================================
Epoch 1/100 | train_loss: 0.6020 | val_loss: 0.6959 | val_dice: 0.0000
New best! Saved (val_dice: 0.0000)
Epoch 2/100 | train_loss: 0.5007 | val_loss: 0.6684 | val_dice: 0.0000
Epoch 3/100 | train_loss: 0.4560 | val_loss: 0.6235 | val_dice: 0.0000
Epoch 4/100 | train_loss: 0.4192 | val_loss: 0.5969 | val_dice: 0.0000
Epoch 5/100 | train_loss: 0.3913 | val_loss: 0.5738 | val_dice: 0.0193
New best! Saved (val_dice: 0.0193)
Epoch 6/100 | train_loss: 0.3555 | val_loss: 0.6161 | val_dice: 0.0145
Epoch 7/100 | train_loss: 0.3270 | val_loss: 0.6214 | val_dice: 0.1685
New best! Saved (val_dice: 0.1685)
Epoch 8/100 | train_loss: 0.3055 | val_loss: 0.3826 | val_dice: 0.5933
New best! Saved (val_dice: 0.5933)
Epoch 9/100 | train_loss: 0.2940 | val_loss: 0.3502 | val_dice: 0.6364
New best! Saved (val_dice: 0.6364)
Epoch 10/100 | train_loss: 0.2853 | val_loss: 0.3259 | val_dice: 0.6678
New best! Saved (val_dice: 0.6678)
Epoch 11/100 | train_loss: 0.2767 | val_loss: 0.2921 | val_dice: 0.7372
New best! Saved (val_dice: 0.7372)
Epoch 12/100 | train_loss: 0.2718 | val_loss: 0.3141 | val_dice: 0.7243
Epoch 13/100 | train_loss: 0.2643 | val_loss: 0.2698 | val_dice: 0.7519
New best! Saved (val_dice: 0.7519)
Epoch 14/100 | train_loss: 0.2611 | val_loss: 0.2650 | val_dice: 0.7545
New best! Saved (val_dice: 0.7545)
Epoch 15/100 | train_loss: 0.2601 | val_loss: 0.2608 | val_dice: 0.7612
New best! Saved (val_dice: 0.7612)
Epoch 16/100 | train_loss: 0.2572 | val_loss: 0.2609 | val_dice: 0.7615
New best! Saved (val_dice: 0.7615)
Epoch 17/100 | train_loss: 0.2526 | val_loss: 0.2612 | val_dice: 0.7571
Epoch 18/100 | train_loss: 0.2531 | val_loss: 0.2576 | val_dice: 0.7626
New best! Saved (val_dice: 0.7626)
Epoch 19/100 | train_loss: 0.2497 | val_loss: 0.2548 | val_dice: 0.7657
New best! Saved (val_dice: 0.7657)
Epoch 20/100 | train_loss: 0.2481 | val_loss: 0.2551 | val_dice: 0.7642
Epoch 21/100 | train_loss: 0.2496 | val_loss: 0.2556 | val_dice: 0.7616
Epoch 22/100 | train_loss: 0.2446 | val_loss: 0.2523 | val_dice: 0.7712
New best! Saved (val_dice: 0.7712)
Epoch 23/100 | train_loss: 0.2447 | val_loss: 0.2527 | val_dice: 0.7670
Epoch 24/100 | train_loss: 0.2452 | val_loss: 0.2523 | val_dice: 0.7703
Epoch 25/100 | train_loss: 0.2429 | val_loss: 0.2533 | val_dice: 0.7651
Epoch 26/100 | train_loss: 0.2471 | val_loss: 0.2521 | val_dice: 0.7685
Epoch 27/100 | train_loss: 0.2424 | val_loss: 0.2503 | val_dice: 0.7693
Epoch 28/100 | train_loss: 0.2389 | val_loss: 0.2503 | val_dice: 0.7658
Epoch 29/100 | train_loss: 0.2378 | val_loss: 0.2520 | val_dice: 0.7662
Epoch 30/100 | train_loss: 0.2370 | val_loss: 0.2513 | val_dice: 0.7709
Epoch 31/100 | train_loss: 0.2348 | val_loss: 0.2462 | val_dice: 0.7745
New best! Saved (val_dice: 0.7745)
Epoch 32/100 | train_loss: 0.2356 | val_loss: 0.2549 | val_dice: 0.7613
Epoch 33/100 | train_loss: 0.2382 | val_loss: 0.2474 | val_dice: 0.7744
Epoch 34/100 | train_loss: 0.2316 | val_loss: 0.2433 | val_dice: 0.7775
New best! Saved (val_dice: 0.7775)
Epoch 35/100 | train_loss: 0.2328 | val_loss: 0.2571 | val_dice: 0.7678
Epoch 36/100 | train_loss: 0.2280 | val_loss: 0.2510 | val_dice: 0.7653
Epoch 37/100 | train_loss: 0.2309 | val_loss: 0.2481 | val_dice: 0.7696
Epoch 38/100 | train_loss: 0.2283 | val_loss: 0.2462 | val_dice: 0.7730
Epoch 39/100 | train_loss: 0.2259 | val_loss: 0.2482 | val_dice: 0.7699
Epoch 40/100 | train_loss: 0.2227 | val_loss: 0.2531 | val_dice: 0.7707
Epoch 41/100 | train_loss: 0.2219 | val_loss: 0.2482 | val_dice: 0.7736
Epoch 42/100 | train_loss: 0.2225 | val_loss: 0.2619 | val_dice: 0.7526
Epoch 43/100 | train_loss: 0.2195 | val_loss: 0.2532 | val_dice: 0.7662
Epoch 44/100 | train_loss: 0.2257 | val_loss: 0.2495 | val_dice: 0.7714
Early stopping at epoch 44
Saved training curve to /users/egottfri/code/octa-segmentation/results/rose1_ablation/preprocessed/res_unet/training_curve_fold4.png
Fold 4 best Dice: 0.7775

==================================================
FOLD 5/5
==================================================
Epoch 1/100 | train_loss: 0.6293 | val_loss: 0.6930 | val_dice: 0.1334
New best! Saved (val_dice: 0.1334)
Epoch 2/100 | train_loss: 0.5273 | val_loss: 0.6641 | val_dice: 0.2874
New best! Saved (val_dice: 0.2874)
Epoch 3/100 | train_loss: 0.4742 | val_loss: 0.6081 | val_dice: 0.2117
Epoch 4/100 | train_loss: 0.4387 | val_loss: 0.5554 | val_dice: 0.2050
Epoch 5/100 | train_loss: 0.4005 | val_loss: 0.5472 | val_dice: 0.1291
Epoch 6/100 | train_loss: 0.3661 | val_loss: 0.6239 | val_dice: 0.1312
Epoch 7/100 | train_loss: 0.3351 | val_loss: 0.4647 | val_dice: 0.4498
New best! Saved (val_dice: 0.4498)
Epoch 8/100 | train_loss: 0.3130 | val_loss: 0.4612 | val_dice: 0.4589
New best! Saved (val_dice: 0.4589)
Epoch 9/100 | train_loss: 0.2985 | val_loss: 0.4378 | val_dice: 0.4969
New best! Saved (val_dice: 0.4969)
Epoch 10/100 | train_loss: 0.2905 | val_loss: 0.3071 | val_dice: 0.7039
New best! Saved (val_dice: 0.7039)
Epoch 11/100 | train_loss: 0.2851 | val_loss: 0.2871 | val_dice: 0.7390
New best! Saved (val_dice: 0.7390)
Epoch 12/100 | train_loss: 0.2806 | val_loss: 0.2797 | val_dice: 0.7521
New best! Saved (val_dice: 0.7521)
Epoch 13/100 | train_loss: 0.2727 | val_loss: 0.2861 | val_dice: 0.7483
Epoch 14/100 | train_loss: 0.2680 | val_loss: 0.2697 | val_dice: 0.7516
Epoch 15/100 | train_loss: 0.2636 | val_loss: 0.2675 | val_dice: 0.7633
New best! Saved (val_dice: 0.7633)
Epoch 16/100 | train_loss: 0.2643 | val_loss: 0.2639 | val_dice: 0.7587
Epoch 17/100 | train_loss: 0.2578 | val_loss: 0.2742 | val_dice: 0.7400
Epoch 18/100 | train_loss: 0.2596 | val_loss: 0.2629 | val_dice: 0.7654
New best! Saved (val_dice: 0.7654)
Epoch 19/100 | train_loss: 0.2565 | val_loss: 0.2657 | val_dice: 0.7662
New best! Saved (val_dice: 0.7662)
Epoch 20/100 | train_loss: 0.2517 | val_loss: 0.2810 | val_dice: 0.7268
Epoch 21/100 | train_loss: 0.2500 | val_loss: 0.2561 | val_dice: 0.7642
Epoch 22/100 | train_loss: 0.2511 | val_loss: 0.2554 | val_dice: 0.7731
New best! Saved (val_dice: 0.7731)
Epoch 23/100 | train_loss: 0.2500 | val_loss: 0.2522 | val_dice: 0.7708
Epoch 24/100 | train_loss: 0.2483 | val_loss: 0.2496 | val_dice: 0.7725
Epoch 25/100 | train_loss: 0.2442 | val_loss: 0.2543 | val_dice: 0.7729
Epoch 26/100 | train_loss: 0.2467 | val_loss: 0.2573 | val_dice: 0.7723
Epoch 27/100 | train_loss: 0.2492 | val_loss: 0.2501 | val_dice: 0.7727
Epoch 28/100 | train_loss: 0.2421 | val_loss: 0.2643 | val_dice: 0.7666
Epoch 29/100 | train_loss: 0.2436 | val_loss: 0.2501 | val_dice: 0.7762
New best! Saved (val_dice: 0.7762)
Epoch 30/100 | train_loss: 0.2472 | val_loss: 0.2465 | val_dice: 0.7777
New best! Saved (val_dice: 0.7777)
Epoch 31/100 | train_loss: 0.2415 | val_loss: 0.2495 | val_dice: 0.7746
Epoch 32/100 | train_loss: 0.2432 | val_loss: 0.2492 | val_dice: 0.7733
Epoch 33/100 | train_loss: 0.2362 | val_loss: 0.2600 | val_dice: 0.7549
Epoch 34/100 | train_loss: 0.2380 | val_loss: 0.2449 | val_dice: 0.7774
Epoch 35/100 | train_loss: 0.2351 | val_loss: 0.2475 | val_dice: 0.7722
Epoch 36/100 | train_loss: 0.2356 | val_loss: 0.2432 | val_dice: 0.7809
New best! Saved (val_dice: 0.7809)
Epoch 37/100 | train_loss: 0.2310 | val_loss: 0.2458 | val_dice: 0.7769
Epoch 38/100 | train_loss: 0.2337 | val_loss: 0.2440 | val_dice: 0.7791
Epoch 39/100 | train_loss: 0.2288 | val_loss: 0.2458 | val_dice: 0.7766
Epoch 40/100 | train_loss: 0.2279 | val_loss: 0.2468 | val_dice: 0.7788
Epoch 41/100 | train_loss: 0.2304 | val_loss: 0.2460 | val_dice: 0.7752
Epoch 42/100 | train_loss: 0.2273 | val_loss: 0.2423 | val_dice: 0.7799
Epoch 43/100 | train_loss: 0.2259 | val_loss: 0.2469 | val_dice: 0.7770
Epoch 44/100 | train_loss: 0.2293 | val_loss: 0.2563 | val_dice: 0.7622
Epoch 45/100 | train_loss: 0.2297 | val_loss: 0.2431 | val_dice: 0.7818
New best! Saved (val_dice: 0.7818)
Epoch 46/100 | train_loss: 0.2286 | val_loss: 0.2476 | val_dice: 0.7762
Epoch 47/100 | train_loss: 0.2233 | val_loss: 0.2512 | val_dice: 0.7673
Epoch 48/100 | train_loss: 0.2236 | val_loss: 0.2490 | val_dice: 0.7711
Epoch 49/100 | train_loss: 0.2248 | val_loss: 0.2438 | val_dice: 0.7775
Epoch 50/100 | train_loss: 0.2170 | val_loss: 0.2506 | val_dice: 0.7784
Epoch 51/100 | train_loss: 0.2173 | val_loss: 0.2497 | val_dice: 0.7772
Epoch 52/100 | train_loss: 0.2238 | val_loss: 0.2443 | val_dice: 0.7786
Epoch 53/100 | train_loss: 0.2137 | val_loss: 0.2488 | val_dice: 0.7747
Epoch 54/100 | train_loss: 0.2143 | val_loss: 0.2495 | val_dice: 0.7776
Epoch 55/100 | train_loss: 0.2202 | val_loss: 0.2457 | val_dice: 0.7762
Early stopping at epoch 55
Saved training curve to /users/egottfri/code/octa-segmentation/results/rose1_ablation/preprocessed/res_unet/training_curve_fold5.png
Fold 5 best Dice: 0.7818

==================================================
K-FOLD RESULTS: 0.7847 ± 0.0061
Individual folds: ['0.7899', '0.7807', '0.7938', '0.7775', '0.7818']
==================================================
[train] preprocessed / se_unet

==================================================
FOLD 1/5
==================================================
Epoch 1/100 | train_loss: 0.6517 | val_loss: 0.6967 | val_dice: 0.0000
New best! Saved (val_dice: 0.0000)
Epoch 2/100 | train_loss: 0.5967 | val_loss: 0.6908 | val_dice: 0.0000
Epoch 3/100 | train_loss: 0.5669 | val_loss: 0.6786 | val_dice: 0.0001
New best! Saved (val_dice: 0.0001)
Epoch 4/100 | train_loss: 0.5512 | val_loss: 0.6589 | val_dice: 0.0843
New best! Saved (val_dice: 0.0843)
Epoch 5/100 | train_loss: 0.5402 | val_loss: 0.6292 | val_dice: 0.2562
New best! Saved (val_dice: 0.2562)
Epoch 6/100 | train_loss: 0.5335 | val_loss: 0.5885 | val_dice: 0.5356
New best! Saved (val_dice: 0.5356)
Epoch 7/100 | train_loss: 0.5250 | val_loss: 0.5536 | val_dice: 0.6403
New best! Saved (val_dice: 0.6403)
Epoch 8/100 | train_loss: 0.5197 | val_loss: 0.5210 | val_dice: 0.7160
New best! Saved (val_dice: 0.7160)
Epoch 9/100 | train_loss: 0.5158 | val_loss: 0.5066 | val_dice: 0.7439
New best! Saved (val_dice: 0.7439)
Epoch 10/100 | train_loss: 0.5103 | val_loss: 0.5014 | val_dice: 0.7336
Epoch 11/100 | train_loss: 0.5070 | val_loss: 0.5013 | val_dice: 0.7478
New best! Saved (val_dice: 0.7478)
Epoch 12/100 | train_loss: 0.5042 | val_loss: 0.4950 | val_dice: 0.7516
New best! Saved (val_dice: 0.7516)
Epoch 13/100 | train_loss: 0.5012 | val_loss: 0.4997 | val_dice: 0.7352
Epoch 14/100 | train_loss: 0.4982 | val_loss: 0.4884 | val_dice: 0.7576
New best! Saved (val_dice: 0.7576)
Epoch 15/100 | train_loss: 0.4970 | val_loss: 0.4979 | val_dice: 0.7464
Epoch 16/100 | train_loss: 0.4928 | val_loss: 0.4927 | val_dice: 0.7600
New best! Saved (val_dice: 0.7600)
Epoch 17/100 | train_loss: 0.4916 | val_loss: 0.4882 | val_dice: 0.7617
New best! Saved (val_dice: 0.7617)
Epoch 18/100 | train_loss: 0.4884 | val_loss: 0.4865 | val_dice: 0.7653
New best! Saved (val_dice: 0.7653)
Epoch 19/100 | train_loss: 0.4863 | val_loss: 0.4833 | val_dice: 0.7614
Epoch 20/100 | train_loss: 0.4832 | val_loss: 0.4812 | val_dice: 0.7684
New best! Saved (val_dice: 0.7684)
Epoch 21/100 | train_loss: 0.4823 | val_loss: 0.4795 | val_dice: 0.7639
Epoch 22/100 | train_loss: 0.4804 | val_loss: 0.4773 | val_dice: 0.7746
New best! Saved (val_dice: 0.7746)
Epoch 23/100 | train_loss: 0.4775 | val_loss: 0.4772 | val_dice: 0.7642
Epoch 24/100 | train_loss: 0.4749 | val_loss: 0.4783 | val_dice: 0.7719
Epoch 25/100 | train_loss: 0.4720 | val_loss: 0.4703 | val_dice: 0.7737
Epoch 26/100 | train_loss: 0.4704 | val_loss: 0.4717 | val_dice: 0.7729
Epoch 27/100 | train_loss: 0.4691 | val_loss: 0.4760 | val_dice: 0.7593
Epoch 28/100 | train_loss: 0.4657 | val_loss: 0.4726 | val_dice: 0.7613
Epoch 29/100 | train_loss: 0.4638 | val_loss: 0.4705 | val_dice: 0.7667
Epoch 30/100 | train_loss: 0.4598 | val_loss: 0.4618 | val_dice: 0.7802
New best! Saved (val_dice: 0.7802)
Epoch 31/100 | train_loss: 0.4614 | val_loss: 0.4600 | val_dice: 0.7764
Epoch 32/100 | train_loss: 0.4565 | val_loss: 0.4594 | val_dice: 0.7671
Epoch 33/100 | train_loss: 0.4547 | val_loss: 0.4594 | val_dice: 0.7752
Epoch 34/100 | train_loss: 0.4515 | val_loss: 0.4541 | val_dice: 0.7799
Epoch 35/100 | train_loss: 0.4505 | val_loss: 0.4591 | val_dice: 0.7608
Epoch 36/100 | train_loss: 0.4474 | val_loss: 0.4494 | val_dice: 0.7776
Epoch 37/100 | train_loss: 0.4442 | val_loss: 0.4507 | val_dice: 0.7800
Epoch 38/100 | train_loss: 0.4438 | val_loss: 0.4465 | val_dice: 0.7823
New best! Saved (val_dice: 0.7823)
Epoch 39/100 | train_loss: 0.4396 | val_loss: 0.4494 | val_dice: 0.7807
Epoch 40/100 | train_loss: 0.4393 | val_loss: 0.4425 | val_dice: 0.7775
Epoch 41/100 | train_loss: 0.4365 | val_loss: 0.4452 | val_dice: 0.7756
Epoch 42/100 | train_loss: 0.4321 | val_loss: 0.4475 | val_dice: 0.7806
Epoch 43/100 | train_loss: 0.4302 | val_loss: 0.4449 | val_dice: 0.7753
Epoch 44/100 | train_loss: 0.4275 | val_loss: 0.4367 | val_dice: 0.7867
New best! Saved (val_dice: 0.7867)
Epoch 45/100 | train_loss: 0.4263 | val_loss: 0.4369 | val_dice: 0.7795
Epoch 46/100 | train_loss: 0.4240 | val_loss: 0.4433 | val_dice: 0.7732
Epoch 47/100 | train_loss: 0.4228 | val_loss: 0.4435 | val_dice: 0.7740
Epoch 48/100 | train_loss: 0.4200 | val_loss: 0.4277 | val_dice: 0.7824
Epoch 49/100 | train_loss: 0.4198 | val_loss: 0.4371 | val_dice: 0.7676
Epoch 50/100 | train_loss: 0.4154 | val_loss: 0.4425 | val_dice: 0.7674
Epoch 51/100 | train_loss: 0.4135 | val_loss: 0.4301 | val_dice: 0.7807
Epoch 52/100 | train_loss: 0.4106 | val_loss: 0.4370 | val_dice: 0.7760
Epoch 53/100 | train_loss: 0.4103 | val_loss: 0.4308 | val_dice: 0.7744
Epoch 54/100 | train_loss: 0.4083 | val_loss: 0.4250 | val_dice: 0.7805
Early stopping at epoch 54
Saved training curve to /users/egottfri/code/octa-segmentation/results/rose1_ablation/preprocessed/se_unet/training_curve_fold1.png
Fold 1 best Dice: 0.7867

==================================================
FOLD 2/5
==================================================
Epoch 1/100 | train_loss: 0.6558 | val_loss: 0.6987 | val_dice: 0.0000
New best! Saved (val_dice: 0.0000)
Epoch 2/100 | train_loss: 0.5858 | val_loss: 0.6893 | val_dice: 0.0000
Epoch 3/100 | train_loss: 0.5579 | val_loss: 0.6706 | val_dice: 0.0413
New best! Saved (val_dice: 0.0413)
Epoch 4/100 | train_loss: 0.5380 | val_loss: 0.6408 | val_dice: 0.2046
New best! Saved (val_dice: 0.2046)
Epoch 5/100 | train_loss: 0.5257 | val_loss: 0.6077 | val_dice: 0.4214
New best! Saved (val_dice: 0.4214)
Epoch 6/100 | train_loss: 0.5166 | val_loss: 0.5731 | val_dice: 0.5479
New best! Saved (val_dice: 0.5479)
Epoch 7/100 | train_loss: 0.5086 | val_loss: 0.5386 | val_dice: 0.6188
New best! Saved (val_dice: 0.6188)
Epoch 8/100 | train_loss: 0.5029 | val_loss: 0.4988 | val_dice: 0.7054
New best! Saved (val_dice: 0.7054)
Epoch 9/100 | train_loss: 0.4993 | val_loss: 0.4863 | val_dice: 0.7218
New best! Saved (val_dice: 0.7218)
Epoch 10/100 | train_loss: 0.4920 | val_loss: 0.4764 | val_dice: 0.7272
New best! Saved (val_dice: 0.7272)
Epoch 11/100 | train_loss: 0.4880 | val_loss: 0.4783 | val_dice: 0.7293
New best! Saved (val_dice: 0.7293)
Epoch 12/100 | train_loss: 0.4832 | val_loss: 0.4752 | val_dice: 0.7242
Epoch 13/100 | train_loss: 0.4800 | val_loss: 0.4734 | val_dice: 0.7256
Epoch 14/100 | train_loss: 0.4767 | val_loss: 0.4770 | val_dice: 0.7181
Epoch 15/100 | train_loss: 0.4720 | val_loss: 0.4732 | val_dice: 0.7318
New best! Saved (val_dice: 0.7318)
Epoch 16/100 | train_loss: 0.4702 | val_loss: 0.4662 | val_dice: 0.7433
New best! Saved (val_dice: 0.7433)
Epoch 17/100 | train_loss: 0.4667 | val_loss: 0.4619 | val_dice: 0.7415
Epoch 18/100 | train_loss: 0.4631 | val_loss: 0.4660 | val_dice: 0.7363
Epoch 19/100 | train_loss: 0.4629 | val_loss: 0.4616 | val_dice: 0.7442
New best! Saved (val_dice: 0.7442)
Epoch 20/100 | train_loss: 0.4585 | val_loss: 0.4616 | val_dice: 0.7313
Epoch 21/100 | train_loss: 0.4572 | val_loss: 0.4602 | val_dice: 0.7378
Epoch 22/100 | train_loss: 0.4549 | val_loss: 0.4517 | val_dice: 0.7371
Epoch 23/100 | train_loss: 0.4506 | val_loss: 0.4487 | val_dice: 0.7522
New best! Saved (val_dice: 0.7522)
Epoch 24/100 | train_loss: 0.4493 | val_loss: 0.4527 | val_dice: 0.7490
Epoch 25/100 | train_loss: 0.4448 | val_loss: 0.4458 | val_dice: 0.7593
New best! Saved (val_dice: 0.7593)
Epoch 26/100 | train_loss: 0.4423 | val_loss: 0.4441 | val_dice: 0.7567
Epoch 27/100 | train_loss: 0.4379 | val_loss: 0.4425 | val_dice: 0.7620
New best! Saved (val_dice: 0.7620)
Epoch 28/100 | train_loss: 0.4357 | val_loss: 0.4415 | val_dice: 0.7614
Epoch 29/100 | train_loss: 0.4335 | val_loss: 0.4494 | val_dice: 0.7446
Epoch 30/100 | train_loss: 0.4310 | val_loss: 0.4351 | val_dice: 0.7550
Epoch 31/100 | train_loss: 0.4275 | val_loss: 0.4353 | val_dice: 0.7627
New best! Saved (val_dice: 0.7627)
Epoch 32/100 | train_loss: 0.4247 | val_loss: 0.4404 | val_dice: 0.7479
Epoch 33/100 | train_loss: 0.4227 | val_loss: 0.4396 | val_dice: 0.7501
Epoch 34/100 | train_loss: 0.4204 | val_loss: 0.4376 | val_dice: 0.7504
Epoch 35/100 | train_loss: 0.4215 | val_loss: 0.4230 | val_dice: 0.7652
New best! Saved (val_dice: 0.7652)
Epoch 36/100 | train_loss: 0.4149 | val_loss: 0.4255 | val_dice: 0.7607
Epoch 37/100 | train_loss: 0.4142 | val_loss: 0.4228 | val_dice: 0.7637
Epoch 38/100 | train_loss: 0.4106 | val_loss: 0.4179 | val_dice: 0.7605
Epoch 39/100 | train_loss: 0.4075 | val_loss: 0.4262 | val_dice: 0.7540
Epoch 40/100 | train_loss: 0.4041 | val_loss: 0.4219 | val_dice: 0.7627
Epoch 41/100 | train_loss: 0.4030 | val_loss: 0.4210 | val_dice: 0.7585
Epoch 42/100 | train_loss: 0.4002 | val_loss: 0.4197 | val_dice: 0.7613
Epoch 43/100 | train_loss: 0.3941 | val_loss: 0.4146 | val_dice: 0.7637
Epoch 44/100 | train_loss: 0.3950 | val_loss: 0.4115 | val_dice: 0.7579
Epoch 45/100 | train_loss: 0.3911 | val_loss: 0.4080 | val_dice: 0.7703
New best! Saved (val_dice: 0.7703)
Epoch 46/100 | train_loss: 0.3900 | val_loss: 0.4080 | val_dice: 0.7634
Epoch 47/100 | train_loss: 0.3853 | val_loss: 0.4135 | val_dice: 0.7610
Epoch 48/100 | train_loss: 0.3853 | val_loss: 0.4167 | val_dice: 0.7557
Epoch 49/100 | train_loss: 0.3806 | val_loss: 0.4135 | val_dice: 0.7503
Epoch 50/100 | train_loss: 0.3795 | val_loss: 0.4070 | val_dice: 0.7638
Epoch 51/100 | train_loss: 0.3754 | val_loss: 0.3977 | val_dice: 0.7654
Epoch 52/100 | train_loss: 0.3743 | val_loss: 0.4077 | val_dice: 0.7584
Epoch 53/100 | train_loss: 0.3706 | val_loss: 0.3936 | val_dice: 0.7693
Epoch 54/100 | train_loss: 0.3670 | val_loss: 0.3987 | val_dice: 0.7596
Epoch 55/100 | train_loss: 0.3675 | val_loss: 0.4026 | val_dice: 0.7563
Early stopping at epoch 55
Saved training curve to /users/egottfri/code/octa-segmentation/results/rose1_ablation/preprocessed/se_unet/training_curve_fold2.png
Fold 2 best Dice: 0.7703

==================================================
FOLD 3/5
==================================================
Epoch 1/100 | train_loss: 0.6486 | val_loss: 0.6902 | val_dice: 0.0000
New best! Saved (val_dice: 0.0000)
Epoch 2/100 | train_loss: 0.5938 | val_loss: 0.6835 | val_dice: 0.0000
Epoch 3/100 | train_loss: 0.5683 | val_loss: 0.6717 | val_dice: 0.0000
New best! Saved (val_dice: 0.0000)
Epoch 4/100 | train_loss: 0.5531 | val_loss: 0.6491 | val_dice: 0.0972
New best! Saved (val_dice: 0.0972)
Epoch 5/100 | train_loss: 0.5439 | val_loss: 0.6177 | val_dice: 0.2303
New best! Saved (val_dice: 0.2303)
Epoch 6/100 | train_loss: 0.5357 | val_loss: 0.5806 | val_dice: 0.5457
New best! Saved (val_dice: 0.5457)
Epoch 7/100 | train_loss: 0.5294 | val_loss: 0.5482 | val_dice: 0.6532
New best! Saved (val_dice: 0.6532)
Epoch 8/100 | train_loss: 0.5261 | val_loss: 0.5192 | val_dice: 0.7307
New best! Saved (val_dice: 0.7307)
Epoch 9/100 | train_loss: 0.5224 | val_loss: 0.5022 | val_dice: 0.7422
New best! Saved (val_dice: 0.7422)
Epoch 10/100 | train_loss: 0.5163 | val_loss: 0.5020 | val_dice: 0.7637
New best! Saved (val_dice: 0.7637)
Epoch 11/100 | train_loss: 0.5128 | val_loss: 0.4958 | val_dice: 0.7529
Epoch 12/100 | train_loss: 0.5093 | val_loss: 0.4995 | val_dice: 0.7690
New best! Saved (val_dice: 0.7690)
Epoch 13/100 | train_loss: 0.5063 | val_loss: 0.4950 | val_dice: 0.7676
Epoch 14/100 | train_loss: 0.5038 | val_loss: 0.4947 | val_dice: 0.7687
Epoch 15/100 | train_loss: 0.4996 | val_loss: 0.4891 | val_dice: 0.7612
Epoch 16/100 | train_loss: 0.4976 | val_loss: 0.4899 | val_dice: 0.7695
New best! Saved (val_dice: 0.7695)
Epoch 17/100 | train_loss: 0.4945 | val_loss: 0.4877 | val_dice: 0.7723
New best! Saved (val_dice: 0.7723)
Epoch 18/100 | train_loss: 0.4907 | val_loss: 0.4829 | val_dice: 0.7767
New best! Saved (val_dice: 0.7767)
Epoch 19/100 | train_loss: 0.4902 | val_loss: 0.4753 | val_dice: 0.7754
Epoch 20/100 | train_loss: 0.4865 | val_loss: 0.4800 | val_dice: 0.7642
Epoch 21/100 | train_loss: 0.4827 | val_loss: 0.4776 | val_dice: 0.7723
Epoch 22/100 | train_loss: 0.4808 | val_loss: 0.4757 | val_dice: 0.7759
Epoch 23/100 | train_loss: 0.4787 | val_loss: 0.4712 | val_dice: 0.7804
New best! Saved (val_dice: 0.7804)
Epoch 24/100 | train_loss: 0.4777 | val_loss: 0.4699 | val_dice: 0.7635
Epoch 25/100 | train_loss: 0.4726 | val_loss: 0.4700 | val_dice: 0.7727
Epoch 26/100 | train_loss: 0.4710 | val_loss: 0.4646 | val_dice: 0.7800
Epoch 27/100 | train_loss: 0.4688 | val_loss: 0.4679 | val_dice: 0.7795
Epoch 28/100 | train_loss: 0.4656 | val_loss: 0.4596 | val_dice: 0.7843
New best! Saved (val_dice: 0.7843)
Epoch 29/100 | train_loss: 0.4640 | val_loss: 0.4547 | val_dice: 0.7828
Epoch 30/100 | train_loss: 0.4600 | val_loss: 0.4572 | val_dice: 0.7798
Epoch 31/100 | train_loss: 0.4573 | val_loss: 0.4556 | val_dice: 0.7728
Epoch 32/100 | train_loss: 0.4551 | val_loss: 0.4483 | val_dice: 0.7874
New best! Saved (val_dice: 0.7874)
Epoch 33/100 | train_loss: 0.4534 | val_loss: 0.4515 | val_dice: 0.7828
Epoch 34/100 | train_loss: 0.4490 | val_loss: 0.4531 | val_dice: 0.7842
Epoch 35/100 | train_loss: 0.4486 | val_loss: 0.4467 | val_dice: 0.7866
Epoch 36/100 | train_loss: 0.4458 | val_loss: 0.4391 | val_dice: 0.7835
Epoch 37/100 | train_loss: 0.4414 | val_loss: 0.4392 | val_dice: 0.7847
Epoch 38/100 | train_loss: 0.4395 | val_loss: 0.4384 | val_dice: 0.7854
Epoch 39/100 | train_loss: 0.4383 | val_loss: 0.4314 | val_dice: 0.7855
Epoch 40/100 | train_loss: 0.4358 | val_loss: 0.4401 | val_dice: 0.7816
Epoch 41/100 | train_loss: 0.4319 | val_loss: 0.4364 | val_dice: 0.7842
Epoch 42/100 | train_loss: 0.4314 | val_loss: 0.4375 | val_dice: 0.7796
Early stopping at epoch 42
Saved training curve to /users/egottfri/code/octa-segmentation/results/rose1_ablation/preprocessed/se_unet/training_curve_fold3.png
Fold 3 best Dice: 0.7874

==================================================
FOLD 4/5
==================================================
Epoch 1/100 | train_loss: 0.6442 | val_loss: 0.7016 | val_dice: 0.0000
New best! Saved (val_dice: 0.0000)
Epoch 2/100 | train_loss: 0.5884 | val_loss: 0.6927 | val_dice: 0.0004
New best! Saved (val_dice: 0.0004)
Epoch 3/100 | train_loss: 0.5589 | val_loss: 0.6703 | val_dice: 0.2800
New best! Saved (val_dice: 0.2800)
Epoch 4/100 | train_loss: 0.5393 | val_loss: 0.6337 | val_dice: 0.4246
New best! Saved (val_dice: 0.4246)
Epoch 5/100 | train_loss: 0.5266 | val_loss: 0.5985 | val_dice: 0.4840
New best! Saved (val_dice: 0.4840)
Epoch 6/100 | train_loss: 0.5165 | val_loss: 0.5578 | val_dice: 0.6220
New best! Saved (val_dice: 0.6220)
Epoch 7/100 | train_loss: 0.5087 | val_loss: 0.5245 | val_dice: 0.6793
New best! Saved (val_dice: 0.6793)
Epoch 8/100 | train_loss: 0.5020 | val_loss: 0.5025 | val_dice: 0.7083
New best! Saved (val_dice: 0.7083)
Epoch 9/100 | train_loss: 0.4952 | val_loss: 0.4877 | val_dice: 0.7252
New best! Saved (val_dice: 0.7252)
Epoch 10/100 | train_loss: 0.4916 | val_loss: 0.4876 | val_dice: 0.7315
New best! Saved (val_dice: 0.7315)
Epoch 11/100 | train_loss: 0.4863 | val_loss: 0.4850 | val_dice: 0.7394
New best! Saved (val_dice: 0.7394)
Epoch 12/100 | train_loss: 0.4828 | val_loss: 0.4846 | val_dice: 0.7293
Epoch 13/100 | train_loss: 0.4809 | val_loss: 0.4788 | val_dice: 0.7489
New best! Saved (val_dice: 0.7489)
Epoch 14/100 | train_loss: 0.4762 | val_loss: 0.4764 | val_dice: 0.7382
Epoch 15/100 | train_loss: 0.4747 | val_loss: 0.4808 | val_dice: 0.7444
Epoch 16/100 | train_loss: 0.4700 | val_loss: 0.4748 | val_dice: 0.7462
Epoch 17/100 | train_loss: 0.4678 | val_loss: 0.4751 | val_dice: 0.7330
Epoch 18/100 | train_loss: 0.4643 | val_loss: 0.4710 | val_dice: 0.7436
Epoch 19/100 | train_loss: 0.4641 | val_loss: 0.4690 | val_dice: 0.7432
Epoch 20/100 | train_loss: 0.4596 | val_loss: 0.4650 | val_dice: 0.7539
New best! Saved (val_dice: 0.7539)
Epoch 21/100 | train_loss: 0.4570 | val_loss: 0.4601 | val_dice: 0.7623
New best! Saved (val_dice: 0.7623)
Epoch 22/100 | train_loss: 0.4528 | val_loss: 0.4632 | val_dice: 0.7573
Epoch 23/100 | train_loss: 0.4511 | val_loss: 0.4552 | val_dice: 0.7559
Epoch 24/100 | train_loss: 0.4482 | val_loss: 0.4530 | val_dice: 0.7635
New best! Saved (val_dice: 0.7635)
Epoch 25/100 | train_loss: 0.4462 | val_loss: 0.4544 | val_dice: 0.7640
New best! Saved (val_dice: 0.7640)
Epoch 26/100 | train_loss: 0.4432 | val_loss: 0.4482 | val_dice: 0.7634
Epoch 27/100 | train_loss: 0.4417 | val_loss: 0.4491 | val_dice: 0.7635
Epoch 28/100 | train_loss: 0.4393 | val_loss: 0.4512 | val_dice: 0.7594
Epoch 29/100 | train_loss: 0.4358 | val_loss: 0.4458 | val_dice: 0.7547
Epoch 30/100 | train_loss: 0.4342 | val_loss: 0.4429 | val_dice: 0.7642
New best! Saved (val_dice: 0.7642)
Epoch 31/100 | train_loss: 0.4309 | val_loss: 0.4422 | val_dice: 0.7605
Epoch 32/100 | train_loss: 0.4307 | val_loss: 0.4372 | val_dice: 0.7643
New best! Saved (val_dice: 0.7643)
Epoch 33/100 | train_loss: 0.4274 | val_loss: 0.4402 | val_dice: 0.7583
Epoch 34/100 | train_loss: 0.4230 | val_loss: 0.4380 | val_dice: 0.7686
New best! Saved (val_dice: 0.7686)
Epoch 35/100 | train_loss: 0.4205 | val_loss: 0.4380 | val_dice: 0.7598
Epoch 36/100 | train_loss: 0.4181 | val_loss: 0.4299 | val_dice: 0.7655
Epoch 37/100 | train_loss: 0.4160 | val_loss: 0.4315 | val_dice: 0.7631
Epoch 38/100 | train_loss: 0.4131 | val_loss: 0.4293 | val_dice: 0.7606
Epoch 39/100 | train_loss: 0.4110 | val_loss: 0.4218 | val_dice: 0.7687
New best! Saved (val_dice: 0.7687)
Epoch 40/100 | train_loss: 0.4076 | val_loss: 0.4341 | val_dice: 0.7520
Epoch 41/100 | train_loss: 0.4080 | val_loss: 0.4316 | val_dice: 0.7564
Epoch 42/100 | train_loss: 0.4022 | val_loss: 0.4293 | val_dice: 0.7600
Epoch 43/100 | train_loss: 0.4004 | val_loss: 0.4192 | val_dice: 0.7670
Epoch 44/100 | train_loss: 0.3973 | val_loss: 0.4208 | val_dice: 0.7620
Epoch 45/100 | train_loss: 0.3931 | val_loss: 0.4203 | val_dice: 0.7689
New best! Saved (val_dice: 0.7689)
Epoch 46/100 | train_loss: 0.3910 | val_loss: 0.4168 | val_dice: 0.7692
New best! Saved (val_dice: 0.7692)
Epoch 47/100 | train_loss: 0.3863 | val_loss: 0.4262 | val_dice: 0.7628
Epoch 48/100 | train_loss: 0.3846 | val_loss: 0.4281 | val_dice: 0.7555
Epoch 49/100 | train_loss: 0.3839 | val_loss: 0.4090 | val_dice: 0.7707
New best! Saved (val_dice: 0.7707)
Epoch 50/100 | train_loss: 0.3816 | val_loss: 0.4060 | val_dice: 0.7632
Epoch 51/100 | train_loss: 0.3778 | val_loss: 0.4192 | val_dice: 0.7625
Epoch 52/100 | train_loss: 0.3721 | val_loss: 0.4156 | val_dice: 0.7626
Epoch 53/100 | train_loss: 0.3741 | val_loss: 0.3980 | val_dice: 0.7674
Epoch 54/100 | train_loss: 0.3705 | val_loss: 0.4074 | val_dice: 0.7574
Epoch 55/100 | train_loss: 0.3673 | val_loss: 0.4012 | val_dice: 0.7634
Epoch 56/100 | train_loss: 0.3698 | val_loss: 0.3939 | val_dice: 0.7629
Epoch 57/100 | train_loss: 0.3617 | val_loss: 0.4026 | val_dice: 0.7654
Epoch 58/100 | train_loss: 0.3654 | val_loss: 0.4100 | val_dice: 0.7612
Epoch 59/100 | train_loss: 0.3584 | val_loss: 0.3994 | val_dice: 0.7617
Early stopping at epoch 59
Saved training curve to /users/egottfri/code/octa-segmentation/results/rose1_ablation/preprocessed/se_unet/training_curve_fold4.png
Fold 4 best Dice: 0.7707

==================================================
FOLD 5/5
==================================================
Epoch 1/100 | train_loss: 0.6642 | val_loss: 0.7039 | val_dice: 0.0000
New best! Saved (val_dice: 0.0000)
Epoch 2/100 | train_loss: 0.6035 | val_loss: 0.6966 | val_dice: 0.0000
Epoch 3/100 | train_loss: 0.5758 | val_loss: 0.6840 | val_dice: 0.0389
New best! Saved (val_dice: 0.0389)
Epoch 4/100 | train_loss: 0.5595 | val_loss: 0.6635 | val_dice: 0.2982
New best! Saved (val_dice: 0.2982)
Epoch 5/100 | train_loss: 0.5490 | val_loss: 0.6359 | val_dice: 0.4849
New best! Saved (val_dice: 0.4849)
Epoch 6/100 | train_loss: 0.5402 | val_loss: 0.6004 | val_dice: 0.6022
New best! Saved (val_dice: 0.6022)
Epoch 7/100 | train_loss: 0.5350 | val_loss: 0.5694 | val_dice: 0.6668
New best! Saved (val_dice: 0.6668)
Epoch 8/100 | train_loss: 0.5289 | val_loss: 0.5406 | val_dice: 0.7065
New best! Saved (val_dice: 0.7065)
Epoch 9/100 | train_loss: 0.5231 | val_loss: 0.5301 | val_dice: 0.7097
New best! Saved (val_dice: 0.7097)
Epoch 10/100 | train_loss: 0.5180 | val_loss: 0.5256 | val_dice: 0.7085
Epoch 11/100 | train_loss: 0.5151 | val_loss: 0.5218 | val_dice: 0.7201
New best! Saved (val_dice: 0.7201)
Epoch 12/100 | train_loss: 0.5113 | val_loss: 0.5142 | val_dice: 0.7167
Epoch 13/100 | train_loss: 0.5084 | val_loss: 0.5164 | val_dice: 0.7139
Epoch 14/100 | train_loss: 0.5051 | val_loss: 0.5140 | val_dice: 0.7310
New best! Saved (val_dice: 0.7310)
Epoch 15/100 | train_loss: 0.5007 | val_loss: 0.5164 | val_dice: 0.7110
Epoch 16/100 | train_loss: 0.4980 | val_loss: 0.5142 | val_dice: 0.7244
Epoch 17/100 | train_loss: 0.4978 | val_loss: 0.5052 | val_dice: 0.7399
New best! Saved (val_dice: 0.7399)
Epoch 18/100 | train_loss: 0.4934 | val_loss: 0.4990 | val_dice: 0.7378
Epoch 19/100 | train_loss: 0.4897 | val_loss: 0.4975 | val_dice: 0.7428
New best! Saved (val_dice: 0.7428)
Epoch 20/100 | train_loss: 0.4876 | val_loss: 0.4990 | val_dice: 0.7442
New best! Saved (val_dice: 0.7442)
Epoch 21/100 | train_loss: 0.4839 | val_loss: 0.4912 | val_dice: 0.7481
New best! Saved (val_dice: 0.7481)
Epoch 22/100 | train_loss: 0.4831 | val_loss: 0.4970 | val_dice: 0.7403
Epoch 23/100 | train_loss: 0.4791 | val_loss: 0.4935 | val_dice: 0.7368
Epoch 24/100 | train_loss: 0.4765 | val_loss: 0.4940 | val_dice: 0.7401
Epoch 25/100 | train_loss: 0.4739 | val_loss: 0.4853 | val_dice: 0.7480
Epoch 26/100 | train_loss: 0.4727 | val_loss: 0.4853 | val_dice: 0.7522
New best! Saved (val_dice: 0.7522)
Epoch 27/100 | train_loss: 0.4684 | val_loss: 0.4857 | val_dice: 0.7501
Epoch 28/100 | train_loss: 0.4675 | val_loss: 0.4856 | val_dice: 0.7424
Epoch 29/100 | train_loss: 0.4656 | val_loss: 0.4783 | val_dice: 0.7530
New best! Saved (val_dice: 0.7530)
Epoch 30/100 | train_loss: 0.4648 | val_loss: 0.4781 | val_dice: 0.7544
New best! Saved (val_dice: 0.7544)
Epoch 31/100 | train_loss: 0.4622 | val_loss: 0.4715 | val_dice: 0.7483
Epoch 32/100 | train_loss: 0.4585 | val_loss: 0.4731 | val_dice: 0.7532
Epoch 33/100 | train_loss: 0.4574 | val_loss: 0.4695 | val_dice: 0.7521
Epoch 34/100 | train_loss: 0.4532 | val_loss: 0.4680 | val_dice: 0.7602
New best! Saved (val_dice: 0.7602)
Epoch 35/100 | train_loss: 0.4511 | val_loss: 0.4685 | val_dice: 0.7560
Epoch 36/100 | train_loss: 0.4474 | val_loss: 0.4635 | val_dice: 0.7577
Epoch 37/100 | train_loss: 0.4443 | val_loss: 0.4677 | val_dice: 0.7566
Epoch 38/100 | train_loss: 0.4446 | val_loss: 0.4509 | val_dice: 0.7658
New best! Saved (val_dice: 0.7658)
Epoch 39/100 | train_loss: 0.4429 | val_loss: 0.4601 | val_dice: 0.7621
Epoch 40/100 | train_loss: 0.4390 | val_loss: 0.4585 | val_dice: 0.7650
Epoch 41/100 | train_loss: 0.4364 | val_loss: 0.4498 | val_dice: 0.7652
Epoch 42/100 | train_loss: 0.4353 | val_loss: 0.4598 | val_dice: 0.7599
Epoch 43/100 | train_loss: 0.4298 | val_loss: 0.4696 | val_dice: 0.7458
Epoch 44/100 | train_loss: 0.4311 | val_loss: 0.4469 | val_dice: 0.7670
New best! Saved (val_dice: 0.7670)
Epoch 45/100 | train_loss: 0.4266 | val_loss: 0.4392 | val_dice: 0.7695
New best! Saved (val_dice: 0.7695)
Epoch 46/100 | train_loss: 0.4225 | val_loss: 0.4532 | val_dice: 0.7620
Epoch 47/100 | train_loss: 0.4229 | val_loss: 0.4439 | val_dice: 0.7640
Epoch 48/100 | train_loss: 0.4237 | val_loss: 0.4484 | val_dice: 0.7713
New best! Saved (val_dice: 0.7713)
Epoch 49/100 | train_loss: 0.4194 | val_loss: 0.4528 | val_dice: 0.7619
Epoch 50/100 | train_loss: 0.4158 | val_loss: 0.4419 | val_dice: 0.7649
Epoch 51/100 | train_loss: 0.4135 | val_loss: 0.4462 | val_dice: 0.7605
Epoch 52/100 | train_loss: 0.4105 | val_loss: 0.4310 | val_dice: 0.7756
New best! Saved (val_dice: 0.7756)
Epoch 53/100 | train_loss: 0.4081 | val_loss: 0.4364 | val_dice: 0.7649
Epoch 54/100 | train_loss: 0.4103 | val_loss: 0.4429 | val_dice: 0.7686
Epoch 55/100 | train_loss: 0.4078 | val_loss: 0.4539 | val_dice: 0.7510
Epoch 56/100 | train_loss: 0.4044 | val_loss: 0.4291 | val_dice: 0.7629
Epoch 57/100 | train_loss: 0.3994 | val_loss: 0.4318 | val_dice: 0.7610
Epoch 58/100 | train_loss: 0.3965 | val_loss: 0.4286 | val_dice: 0.7666
Epoch 59/100 | train_loss: 0.3968 | val_loss: 0.4249 | val_dice: 0.7680
Epoch 60/100 | train_loss: 0.3942 | val_loss: 0.4253 | val_dice: 0.7721
Epoch 61/100 | train_loss: 0.3919 | val_loss: 0.4090 | val_dice: 0.7701
Epoch 62/100 | train_loss: 0.3928 | val_loss: 0.4451 | val_dice: 0.7590
Early stopping at epoch 62
Saved training curve to /users/egottfri/code/octa-segmentation/results/rose1_ablation/preprocessed/se_unet/training_curve_fold5.png
Fold 5 best Dice: 0.7756

==================================================
K-FOLD RESULTS: 0.7782 ± 0.0075
Individual folds: ['0.7867', '0.7703', '0.7874', '0.7707', '0.7756']
==================================================
[train] preprocessed / att_res_unet

==================================================
FOLD 1/5
==================================================
Epoch 1/100 | train_loss: 0.6036 | val_loss: 0.7036 | val_dice: 0.0000
New best! Saved (val_dice: 0.0000)
Epoch 2/100 | train_loss: 0.4978 | val_loss: 0.6712 | val_dice: 0.0000
Epoch 3/100 | train_loss: 0.4567 | val_loss: 0.6282 | val_dice: 0.0000
New best! Saved (val_dice: 0.0000)
Epoch 4/100 | train_loss: 0.4286 | val_loss: 0.5939 | val_dice: 0.0061
New best! Saved (val_dice: 0.0061)
Epoch 5/100 | train_loss: 0.4035 | val_loss: 0.5569 | val_dice: 0.1715
New best! Saved (val_dice: 0.1715)
Epoch 6/100 | train_loss: 0.3842 | val_loss: 0.4971 | val_dice: 0.3947
New best! Saved (val_dice: 0.3947)
Epoch 7/100 | train_loss: 0.3689 | val_loss: 0.4455 | val_dice: 0.5165
New best! Saved (val_dice: 0.5165)
Epoch 8/100 | train_loss: 0.3460 | val_loss: 0.4278 | val_dice: 0.5211
New best! Saved (val_dice: 0.5211)
Epoch 9/100 | train_loss: 0.3265 | val_loss: 0.3637 | val_dice: 0.6474
New best! Saved (val_dice: 0.6474)
Epoch 10/100 | train_loss: 0.3085 | val_loss: 0.3178 | val_dice: 0.7192
New best! Saved (val_dice: 0.7192)
Epoch 11/100 | train_loss: 0.2957 | val_loss: 0.2801 | val_dice: 0.7603
New best! Saved (val_dice: 0.7603)
Epoch 12/100 | train_loss: 0.2847 | val_loss: 0.2650 | val_dice: 0.7692
New best! Saved (val_dice: 0.7692)
Epoch 13/100 | train_loss: 0.2836 | val_loss: 0.2685 | val_dice: 0.7647
Epoch 14/100 | train_loss: 0.2759 | val_loss: 0.2541 | val_dice: 0.7748
New best! Saved (val_dice: 0.7748)
Epoch 15/100 | train_loss: 0.2715 | val_loss: 0.2477 | val_dice: 0.7731
Epoch 16/100 | train_loss: 0.2659 | val_loss: 0.2455 | val_dice: 0.7770
New best! Saved (val_dice: 0.7770)
Epoch 17/100 | train_loss: 0.2635 | val_loss: 0.2467 | val_dice: 0.7782
New best! Saved (val_dice: 0.7782)
Epoch 18/100 | train_loss: 0.2626 | val_loss: 0.2415 | val_dice: 0.7817
New best! Saved (val_dice: 0.7817)
Epoch 19/100 | train_loss: 0.2557 | val_loss: 0.2406 | val_dice: 0.7793
Epoch 20/100 | train_loss: 0.2539 | val_loss: 0.2381 | val_dice: 0.7831
New best! Saved (val_dice: 0.7831)
Epoch 21/100 | train_loss: 0.2558 | val_loss: 0.2383 | val_dice: 0.7819
Epoch 22/100 | train_loss: 0.2506 | val_loss: 0.2362 | val_dice: 0.7881
New best! Saved (val_dice: 0.7881)
Epoch 23/100 | train_loss: 0.2543 | val_loss: 0.2359 | val_dice: 0.7865
Epoch 24/100 | train_loss: 0.2477 | val_loss: 0.2374 | val_dice: 0.7827
Epoch 25/100 | train_loss: 0.2471 | val_loss: 0.2397 | val_dice: 0.7841
Epoch 26/100 | train_loss: 0.2456 | val_loss: 0.2325 | val_dice: 0.7880
Epoch 27/100 | train_loss: 0.2470 | val_loss: 0.2374 | val_dice: 0.7815
Epoch 28/100 | train_loss: 0.2428 | val_loss: 0.2361 | val_dice: 0.7827
Epoch 29/100 | train_loss: 0.2419 | val_loss: 0.2375 | val_dice: 0.7812
Epoch 30/100 | train_loss: 0.2374 | val_loss: 0.2359 | val_dice: 0.7853
Epoch 31/100 | train_loss: 0.2418 | val_loss: 0.2364 | val_dice: 0.7856
Epoch 32/100 | train_loss: 0.2339 | val_loss: 0.2328 | val_dice: 0.7880
Early stopping at epoch 32
Saved training curve to /users/egottfri/code/octa-segmentation/results/rose1_ablation/preprocessed/att_res_unet/training_curve_fold1.png
Fold 1 best Dice: 0.7881

==================================================
FOLD 2/5
==================================================
Epoch 1/100 | train_loss: 0.6474 | val_loss: 0.6966 | val_dice: 0.0000
New best! Saved (val_dice: 0.0000)
Epoch 2/100 | train_loss: 0.5177 | val_loss: 0.6739 | val_dice: 0.0000
Epoch 3/100 | train_loss: 0.4589 | val_loss: 0.6373 | val_dice: 0.0000
Epoch 4/100 | train_loss: 0.4244 | val_loss: 0.5990 | val_dice: 0.0000
Epoch 5/100 | train_loss: 0.3987 | val_loss: 0.5732 | val_dice: 0.0116
New best! Saved (val_dice: 0.0116)
Epoch 6/100 | train_loss: 0.3773 | val_loss: 0.5173 | val_dice: 0.3091
New best! Saved (val_dice: 0.3091)
Epoch 7/100 | train_loss: 0.3540 | val_loss: 0.4224 | val_dice: 0.5729
New best! Saved (val_dice: 0.5729)
Epoch 8/100 | train_loss: 0.3329 | val_loss: 0.3821 | val_dice: 0.6194
New best! Saved (val_dice: 0.6194)
Epoch 9/100 | train_loss: 0.3123 | val_loss: 0.3802 | val_dice: 0.6082
Epoch 10/100 | train_loss: 0.2933 | val_loss: 0.3365 | val_dice: 0.6807
New best! Saved (val_dice: 0.6807)
Epoch 11/100 | train_loss: 0.2850 | val_loss: 0.2909 | val_dice: 0.7453
New best! Saved (val_dice: 0.7453)
Epoch 12/100 | train_loss: 0.2738 | val_loss: 0.2827 | val_dice: 0.7550
New best! Saved (val_dice: 0.7550)
Epoch 13/100 | train_loss: 0.2683 | val_loss: 0.2797 | val_dice: 0.7504
Epoch 14/100 | train_loss: 0.2647 | val_loss: 0.2798 | val_dice: 0.7569
New best! Saved (val_dice: 0.7569)
Epoch 15/100 | train_loss: 0.2614 | val_loss: 0.2688 | val_dice: 0.7645
New best! Saved (val_dice: 0.7645)
Epoch 16/100 | train_loss: 0.2574 | val_loss: 0.2668 | val_dice: 0.7656
New best! Saved (val_dice: 0.7656)
Epoch 17/100 | train_loss: 0.2544 | val_loss: 0.2665 | val_dice: 0.7671
New best! Saved (val_dice: 0.7671)
Epoch 18/100 | train_loss: 0.2536 | val_loss: 0.2606 | val_dice: 0.7724
New best! Saved (val_dice: 0.7724)
Epoch 19/100 | train_loss: 0.2466 | val_loss: 0.2605 | val_dice: 0.7728
New best! Saved (val_dice: 0.7728)
Epoch 20/100 | train_loss: 0.2489 | val_loss: 0.2686 | val_dice: 0.7649
Epoch 21/100 | train_loss: 0.2448 | val_loss: 0.2576 | val_dice: 0.7749
New best! Saved (val_dice: 0.7749)
Epoch 22/100 | train_loss: 0.2408 | val_loss: 0.2560 | val_dice: 0.7747
Epoch 23/100 | train_loss: 0.2421 | val_loss: 0.2604 | val_dice: 0.7684
Epoch 24/100 | train_loss: 0.2404 | val_loss: 0.2605 | val_dice: 0.7705
Epoch 25/100 | train_loss: 0.2413 | val_loss: 0.2561 | val_dice: 0.7751
New best! Saved (val_dice: 0.7751)
Epoch 26/100 | train_loss: 0.2349 | val_loss: 0.2591 | val_dice: 0.7732
Epoch 27/100 | train_loss: 0.2337 | val_loss: 0.2572 | val_dice: 0.7742
Epoch 28/100 | train_loss: 0.2301 | val_loss: 0.2553 | val_dice: 0.7764
New best! Saved (val_dice: 0.7764)
Epoch 29/100 | train_loss: 0.2262 | val_loss: 0.2562 | val_dice: 0.7721
Epoch 30/100 | train_loss: 0.2329 | val_loss: 0.2542 | val_dice: 0.7760
Epoch 31/100 | train_loss: 0.2248 | val_loss: 0.2545 | val_dice: 0.7759
Epoch 32/100 | train_loss: 0.2272 | val_loss: 0.2639 | val_dice: 0.7676
Epoch 33/100 | train_loss: 0.2231 | val_loss: 0.2689 | val_dice: 0.7561
Epoch 34/100 | train_loss: 0.2225 | val_loss: 0.2538 | val_dice: 0.7767
New best! Saved (val_dice: 0.7767)
Epoch 35/100 | train_loss: 0.2194 | val_loss: 0.2538 | val_dice: 0.7743
Epoch 36/100 | train_loss: 0.2156 | val_loss: 0.2600 | val_dice: 0.7656
Epoch 37/100 | train_loss: 0.2193 | val_loss: 0.2553 | val_dice: 0.7754
Epoch 38/100 | train_loss: 0.2146 | val_loss: 0.2553 | val_dice: 0.7747
Epoch 39/100 | train_loss: 0.2164 | val_loss: 0.2594 | val_dice: 0.7732
Epoch 40/100 | train_loss: 0.2177 | val_loss: 0.2595 | val_dice: 0.7705
Epoch 41/100 | train_loss: 0.2165 | val_loss: 0.2525 | val_dice: 0.7736
Epoch 42/100 | train_loss: 0.2080 | val_loss: 0.2551 | val_dice: 0.7752
Epoch 43/100 | train_loss: 0.2076 | val_loss: 0.2541 | val_dice: 0.7748
Epoch 44/100 | train_loss: 0.2090 | val_loss: 0.2600 | val_dice: 0.7663
Early stopping at epoch 44
Saved training curve to /users/egottfri/code/octa-segmentation/results/rose1_ablation/preprocessed/att_res_unet/training_curve_fold2.png
Fold 2 best Dice: 0.7767

==================================================
FOLD 3/5
==================================================
Epoch 1/100 | train_loss: 0.6272 | val_loss: 0.7018 | val_dice: 0.0000
New best! Saved (val_dice: 0.0000)
Epoch 2/100 | train_loss: 0.5097 | val_loss: 0.6822 | val_dice: 0.0000
Epoch 3/100 | train_loss: 0.4590 | val_loss: 0.6502 | val_dice: 0.0000
Epoch 4/100 | train_loss: 0.4259 | val_loss: 0.6145 | val_dice: 0.0000
Epoch 5/100 | train_loss: 0.4009 | val_loss: 0.5927 | val_dice: 0.0099
New best! Saved (val_dice: 0.0099)
Epoch 6/100 | train_loss: 0.3790 | val_loss: 0.5424 | val_dice: 0.2363
New best! Saved (val_dice: 0.2363)
Epoch 7/100 | train_loss: 0.3537 | val_loss: 0.6024 | val_dice: 0.1236
Epoch 8/100 | train_loss: 0.3305 | val_loss: 0.4733 | val_dice: 0.4280
New best! Saved (val_dice: 0.4280)
Epoch 9/100 | train_loss: 0.3108 | val_loss: 0.3928 | val_dice: 0.5766
New best! Saved (val_dice: 0.5766)
Epoch 10/100 | train_loss: 0.2959 | val_loss: 0.3309 | val_dice: 0.6738
New best! Saved (val_dice: 0.6738)
Epoch 11/100 | train_loss: 0.2856 | val_loss: 0.3283 | val_dice: 0.6705
Epoch 12/100 | train_loss: 0.2806 | val_loss: 0.2755 | val_dice: 0.7525
New best! Saved (val_dice: 0.7525)
Epoch 13/100 | train_loss: 0.2733 | val_loss: 0.2598 | val_dice: 0.7723
New best! Saved (val_dice: 0.7723)
Epoch 14/100 | train_loss: 0.2729 | val_loss: 0.2577 | val_dice: 0.7692
Epoch 15/100 | train_loss: 0.2667 | val_loss: 0.2523 | val_dice: 0.7764
New best! Saved (val_dice: 0.7764)
Epoch 16/100 | train_loss: 0.2633 | val_loss: 0.2704 | val_dice: 0.7456
Epoch 17/100 | train_loss: 0.2593 | val_loss: 0.2452 | val_dice: 0.7809
New best! Saved (val_dice: 0.7809)
Epoch 18/100 | train_loss: 0.2535 | val_loss: 0.2466 | val_dice: 0.7779
Epoch 19/100 | train_loss: 0.2526 | val_loss: 0.2580 | val_dice: 0.7633
Epoch 20/100 | train_loss: 0.2499 | val_loss: 0.2474 | val_dice: 0.7754
Epoch 21/100 | train_loss: 0.2473 | val_loss: 0.2404 | val_dice: 0.7869
New best! Saved (val_dice: 0.7869)
Epoch 22/100 | train_loss: 0.2450 | val_loss: 0.2399 | val_dice: 0.7858
Epoch 23/100 | train_loss: 0.2468 | val_loss: 0.2464 | val_dice: 0.7741
Epoch 24/100 | train_loss: 0.2438 | val_loss: 0.2531 | val_dice: 0.7657
Epoch 25/100 | train_loss: 0.2421 | val_loss: 0.2370 | val_dice: 0.7915
New best! Saved (val_dice: 0.7915)
Epoch 26/100 | train_loss: 0.2412 | val_loss: 0.2344 | val_dice: 0.7899
Epoch 27/100 | train_loss: 0.2375 | val_loss: 0.2348 | val_dice: 0.7881
Epoch 28/100 | train_loss: 0.2367 | val_loss: 0.2329 | val_dice: 0.7912
Epoch 29/100 | train_loss: 0.2354 | val_loss: 0.2327 | val_dice: 0.7911
Epoch 30/100 | train_loss: 0.2346 | val_loss: 0.2507 | val_dice: 0.7671
Epoch 31/100 | train_loss: 0.2377 | val_loss: 0.2341 | val_dice: 0.7921
New best! Saved (val_dice: 0.7921)
Epoch 32/100 | train_loss: 0.2273 | val_loss: 0.2349 | val_dice: 0.7893
Epoch 33/100 | train_loss: 0.2289 | val_loss: 0.2346 | val_dice: 0.7891
Epoch 34/100 | train_loss: 0.2280 | val_loss: 0.2437 | val_dice: 0.7750
Epoch 35/100 | train_loss: 0.2304 | val_loss: 0.2382 | val_dice: 0.7845
Epoch 36/100 | train_loss: 0.2256 | val_loss: 0.2317 | val_dice: 0.7924
New best! Saved (val_dice: 0.7924)
Epoch 37/100 | train_loss: 0.2262 | val_loss: 0.2363 | val_dice: 0.7869
Epoch 38/100 | train_loss: 0.2257 | val_loss: 0.2330 | val_dice: 0.7922
Epoch 39/100 | train_loss: 0.2205 | val_loss: 0.2309 | val_dice: 0.7921
Epoch 40/100 | train_loss: 0.2205 | val_loss: 0.2364 | val_dice: 0.7850
Epoch 41/100 | train_loss: 0.2207 | val_loss: 0.2330 | val_dice: 0.7900
Epoch 42/100 | train_loss: 0.2201 | val_loss: 0.2375 | val_dice: 0.7861
Epoch 43/100 | train_loss: 0.2198 | val_loss: 0.2350 | val_dice: 0.7892
Epoch 44/100 | train_loss: 0.2190 | val_loss: 0.2343 | val_dice: 0.7893
Epoch 45/100 | train_loss: 0.2175 | val_loss: 0.2387 | val_dice: 0.7797
Epoch 46/100 | train_loss: 0.2114 | val_loss: 0.2316 | val_dice: 0.7914
Early stopping at epoch 46
Saved training curve to /users/egottfri/code/octa-segmentation/results/rose1_ablation/preprocessed/att_res_unet/training_curve_fold3.png
Fold 3 best Dice: 0.7924

==================================================
FOLD 4/5
==================================================
Epoch 1/100 | train_loss: 0.6677 | val_loss: 0.7131 | val_dice: 0.3202
New best! Saved (val_dice: 0.3202)
Epoch 2/100 | train_loss: 0.5602 | val_loss: 0.6952 | val_dice: 0.6166
New best! Saved (val_dice: 0.6166)
Epoch 3/100 | train_loss: 0.5051 | val_loss: 0.6571 | val_dice: 0.4867
Epoch 4/100 | train_loss: 0.4724 | val_loss: 0.6008 | val_dice: 0.4210
Epoch 5/100 | train_loss: 0.4460 | val_loss: 0.5487 | val_dice: 0.4220
Epoch 6/100 | train_loss: 0.4237 | val_loss: 0.4779 | val_dice: 0.5785
Epoch 7/100 | train_loss: 0.3975 | val_loss: 0.4481 | val_dice: 0.5606
Epoch 8/100 | train_loss: 0.3718 | val_loss: 0.4417 | val_dice: 0.4999
Epoch 9/100 | train_loss: 0.3416 | val_loss: 0.4293 | val_dice: 0.4965
Epoch 10/100 | train_loss: 0.3117 | val_loss: 0.4062 | val_dice: 0.5471
Epoch 11/100 | train_loss: 0.2964 | val_loss: 0.3084 | val_dice: 0.7171
New best! Saved (val_dice: 0.7171)
Epoch 12/100 | train_loss: 0.2843 | val_loss: 0.3002 | val_dice: 0.7204
New best! Saved (val_dice: 0.7204)
Epoch 13/100 | train_loss: 0.2805 | val_loss: 0.2802 | val_dice: 0.7462
New best! Saved (val_dice: 0.7462)
Epoch 14/100 | train_loss: 0.2700 | val_loss: 0.2762 | val_dice: 0.7530
New best! Saved (val_dice: 0.7530)
Epoch 15/100 | train_loss: 0.2661 | val_loss: 0.2785 | val_dice: 0.7457
Epoch 16/100 | train_loss: 0.2633 | val_loss: 0.2677 | val_dice: 0.7582
New best! Saved (val_dice: 0.7582)
Epoch 17/100 | train_loss: 0.2608 | val_loss: 0.2656 | val_dice: 0.7538
Epoch 18/100 | train_loss: 0.2552 | val_loss: 0.2618 | val_dice: 0.7613
New best! Saved (val_dice: 0.7613)
Epoch 19/100 | train_loss: 0.2541 | val_loss: 0.2727 | val_dice: 0.7555
Epoch 20/100 | train_loss: 0.2536 | val_loss: 0.2704 | val_dice: 0.7577
Epoch 21/100 | train_loss: 0.2522 | val_loss: 0.2680 | val_dice: 0.7484
Epoch 22/100 | train_loss: 0.2480 | val_loss: 0.2556 | val_dice: 0.7660
New best! Saved (val_dice: 0.7660)
Epoch 23/100 | train_loss: 0.2491 | val_loss: 0.2625 | val_dice: 0.7650
Epoch 24/100 | train_loss: 0.2432 | val_loss: 0.2585 | val_dice: 0.7601
Epoch 25/100 | train_loss: 0.2434 | val_loss: 0.2585 | val_dice: 0.7626
Epoch 26/100 | train_loss: 0.2422 | val_loss: 0.2611 | val_dice: 0.7639
Epoch 27/100 | train_loss: 0.2411 | val_loss: 0.2533 | val_dice: 0.7694
New best! Saved (val_dice: 0.7694)
Epoch 28/100 | train_loss: 0.2394 | val_loss: 0.2546 | val_dice: 0.7703
New best! Saved (val_dice: 0.7703)
Epoch 29/100 | train_loss: 0.2397 | val_loss: 0.2567 | val_dice: 0.7646
Epoch 30/100 | train_loss: 0.2373 | val_loss: 0.2555 | val_dice: 0.7679
Epoch 31/100 | train_loss: 0.2340 | val_loss: 0.2528 | val_dice: 0.7711
New best! Saved (val_dice: 0.7711)
Epoch 32/100 | train_loss: 0.2370 | val_loss: 0.2504 | val_dice: 0.7711
Epoch 33/100 | train_loss: 0.2376 | val_loss: 0.2531 | val_dice: 0.7642
Epoch 34/100 | train_loss: 0.2285 | val_loss: 0.2544 | val_dice: 0.7637
Epoch 35/100 | train_loss: 0.2314 | val_loss: 0.2487 | val_dice: 0.7724
New best! Saved (val_dice: 0.7724)
Epoch 36/100 | train_loss: 0.2283 | val_loss: 0.2532 | val_dice: 0.7669
Epoch 37/100 | train_loss: 0.2282 | val_loss: 0.2513 | val_dice: 0.7693
Epoch 38/100 | train_loss: 0.2253 | val_loss: 0.2530 | val_dice: 0.7687
Epoch 39/100 | train_loss: 0.2217 | val_loss: 0.2452 | val_dice: 0.7769
New best! Saved (val_dice: 0.7769)
Epoch 40/100 | train_loss: 0.2234 | val_loss: 0.2516 | val_dice: 0.7677
Epoch 41/100 | train_loss: 0.2203 | val_loss: 0.2512 | val_dice: 0.7699
Epoch 42/100 | train_loss: 0.2230 | val_loss: 0.2500 | val_dice: 0.7718
Epoch 43/100 | train_loss: 0.2160 | val_loss: 0.2497 | val_dice: 0.7711
Epoch 44/100 | train_loss: 0.2136 | val_loss: 0.2486 | val_dice: 0.7718
Epoch 45/100 | train_loss: 0.2142 | val_loss: 0.2481 | val_dice: 0.7716
Epoch 46/100 | train_loss: 0.2131 | val_loss: 0.2507 | val_dice: 0.7726
Epoch 47/100 | train_loss: 0.2123 | val_loss: 0.2476 | val_dice: 0.7751
Epoch 48/100 | train_loss: 0.2076 | val_loss: 0.2494 | val_dice: 0.7717
Epoch 49/100 | train_loss: 0.2083 | val_loss: 0.2501 | val_dice: 0.7679
Early stopping at epoch 49
Saved training curve to /users/egottfri/code/octa-segmentation/results/rose1_ablation/preprocessed/att_res_unet/training_curve_fold4.png
Fold 4 best Dice: 0.7769

==================================================
FOLD 5/5
==================================================
Epoch 1/100 | train_loss: 0.6354 | val_loss: 0.7140 | val_dice: 0.3272
New best! Saved (val_dice: 0.3272)
Epoch 2/100 | train_loss: 0.5460 | val_loss: 0.6957 | val_dice: 0.3246
Epoch 3/100 | train_loss: 0.5002 | val_loss: 0.6648 | val_dice: 0.0000
Epoch 4/100 | train_loss: 0.4720 | val_loss: 0.6294 | val_dice: 0.0000
Epoch 5/100 | train_loss: 0.4480 | val_loss: 0.5914 | val_dice: 0.0350
Epoch 6/100 | train_loss: 0.4227 | val_loss: 0.5349 | val_dice: 0.3048
Epoch 7/100 | train_loss: 0.3960 | val_loss: 0.4713 | val_dice: 0.4633
New best! Saved (val_dice: 0.4633)
Epoch 8/100 | train_loss: 0.3621 | val_loss: 0.4162 | val_dice: 0.5450
New best! Saved (val_dice: 0.5450)
Epoch 9/100 | train_loss: 0.3261 | val_loss: 0.3968 | val_dice: 0.5857
New best! Saved (val_dice: 0.5857)
Epoch 10/100 | train_loss: 0.3145 | val_loss: 0.3880 | val_dice: 0.5966
New best! Saved (val_dice: 0.5966)
Epoch 11/100 | train_loss: 0.2979 | val_loss: 0.3523 | val_dice: 0.6737
New best! Saved (val_dice: 0.6737)
Epoch 12/100 | train_loss: 0.2886 | val_loss: 0.3015 | val_dice: 0.7494
New best! Saved (val_dice: 0.7494)
Epoch 13/100 | train_loss: 0.2785 | val_loss: 0.2967 | val_dice: 0.7205
Epoch 14/100 | train_loss: 0.2702 | val_loss: 0.2866 | val_dice: 0.7487
Epoch 15/100 | train_loss: 0.2704 | val_loss: 0.2861 | val_dice: 0.7505
New best! Saved (val_dice: 0.7505)
Epoch 16/100 | train_loss: 0.2654 | val_loss: 0.2689 | val_dice: 0.7552
New best! Saved (val_dice: 0.7552)
Epoch 17/100 | train_loss: 0.2646 | val_loss: 0.2645 | val_dice: 0.7638
New best! Saved (val_dice: 0.7638)
Epoch 18/100 | train_loss: 0.2597 | val_loss: 0.2627 | val_dice: 0.7646
New best! Saved (val_dice: 0.7646)
Epoch 19/100 | train_loss: 0.2585 | val_loss: 0.2596 | val_dice: 0.7657
New best! Saved (val_dice: 0.7657)
Epoch 20/100 | train_loss: 0.2552 | val_loss: 0.2607 | val_dice: 0.7645
Epoch 21/100 | train_loss: 0.2559 | val_loss: 0.2536 | val_dice: 0.7721
New best! Saved (val_dice: 0.7721)
Epoch 22/100 | train_loss: 0.2515 | val_loss: 0.2573 | val_dice: 0.7709
Epoch 23/100 | train_loss: 0.2521 | val_loss: 0.2529 | val_dice: 0.7721
New best! Saved (val_dice: 0.7721)
Epoch 24/100 | train_loss: 0.2475 | val_loss: 0.2554 | val_dice: 0.7733
New best! Saved (val_dice: 0.7733)
Epoch 25/100 | train_loss: 0.2467 | val_loss: 0.2519 | val_dice: 0.7743
New best! Saved (val_dice: 0.7743)
Epoch 26/100 | train_loss: 0.2446 | val_loss: 0.2575 | val_dice: 0.7699
Epoch 27/100 | train_loss: 0.2441 | val_loss: 0.2582 | val_dice: 0.7625
Epoch 28/100 | train_loss: 0.2413 | val_loss: 0.2623 | val_dice: 0.7551
Epoch 29/100 | train_loss: 0.2410 | val_loss: 0.2519 | val_dice: 0.7750
New best! Saved (val_dice: 0.7750)
Epoch 30/100 | train_loss: 0.2397 | val_loss: 0.2534 | val_dice: 0.7740
Epoch 31/100 | train_loss: 0.2389 | val_loss: 0.2492 | val_dice: 0.7753
New best! Saved (val_dice: 0.7753)
Epoch 32/100 | train_loss: 0.2403 | val_loss: 0.2558 | val_dice: 0.7738
Epoch 33/100 | train_loss: 0.2397 | val_loss: 0.2526 | val_dice: 0.7744
Epoch 34/100 | train_loss: 0.2346 | val_loss: 0.2510 | val_dice: 0.7761
New best! Saved (val_dice: 0.7761)
Epoch 35/100 | train_loss: 0.2328 | val_loss: 0.2478 | val_dice: 0.7769
New best! Saved (val_dice: 0.7769)
Epoch 36/100 | train_loss: 0.2326 | val_loss: 0.2471 | val_dice: 0.7786
New best! Saved (val_dice: 0.7786)
Epoch 37/100 | train_loss: 0.2321 | val_loss: 0.2573 | val_dice: 0.7614
Epoch 38/100 | train_loss: 0.2259 | val_loss: 0.2523 | val_dice: 0.7769
Epoch 39/100 | train_loss: 0.2251 | val_loss: 0.2555 | val_dice: 0.7629
Epoch 40/100 | train_loss: 0.2249 | val_loss: 0.2490 | val_dice: 0.7745
Epoch 41/100 | train_loss: 0.2249 | val_loss: 0.2674 | val_dice: 0.7544
Epoch 42/100 | train_loss: 0.2235 | val_loss: 0.2511 | val_dice: 0.7753
Epoch 43/100 | train_loss: 0.2228 | val_loss: 0.2513 | val_dice: 0.7744
Epoch 44/100 | train_loss: 0.2275 | val_loss: 0.2480 | val_dice: 0.7752
Epoch 45/100 | train_loss: 0.2229 | val_loss: 0.2589 | val_dice: 0.7713
Epoch 46/100 | train_loss: 0.2187 | val_loss: 0.2489 | val_dice: 0.7728
Early stopping at epoch 46
Saved training curve to /users/egottfri/code/octa-segmentation/results/rose1_ablation/preprocessed/att_res_unet/training_curve_fold5.png
Fold 5 best Dice: 0.7786

==================================================
K-FOLD RESULTS: 0.7826 ± 0.0065
Individual folds: ['0.7881', '0.7767', '0.7924', '0.7769', '0.7786']
==================================================
all configs done
